type,sid,id,m,val,t,d,d_s,d_t,i_c,cmd,m_i,d_p
sensor,E1_motion,,motion_detected,1,2026-01-13 18:00:00,E1,,,,,,
sensor,E1_camera,,plate_captured,AAA101,2026-01-13 18:00:03,E1,,,,,,
actuator,,E1_light,turn_on,,2026-01-13 18:00:06,E1,,,,,,
interaction,,,,,2026-01-13 18:00:12,,E1,E2,MQTT,turn_on_alert,motion detected,E1
interaction,,,,,2026-01-13 18:00:16,,E1,E2,MQTT,turn_on_alert,motion detected,E2
actuator,,E2_light,turn_on,,2026-01-13 18:00:19,E2,,,,,,
interaction,,,,,2026-01-13 18:00:23,,E1,W1,MQTT,turn_on_alert,motion detected,W1
actuator,,W1_light,turn_on,,2026-01-13 18:00:26,W1,,,,,,
sensor,E1_motion,,motion_detected,1,2026-01-13 18:00:56,E1,,,,,,
sensor,E1_camera,,plate_captured,AAA102,2026-01-13 18:00:57,E1,,,,,,
sensor,E1_motion,,motion_detected,1,2026-01-13 18:01:26,E1,,,,,,
sensor,E1_camera,,plate_captured,AAA103,2026-01-13 18:01:28,E1,,,,,,
sensor,E1_motion,,motion_detected,1,2026-01-13 18:01:56,E1,,,,,,
sensor,E1_camera,,plate_captured,AAA104,2026-01-13 18:01:59,E1,,,,,,
sensor,E1_motion,,motion_detected,1,2026-01-13 18:02:26,E1,,,,,,
sensor,E1_camera,,plate_captured,AAA105,2026-01-13 18:02:28,E1,,,,,,
sensor,E1_motion,,motion_detected,1,2026-01-13 18:02:56,E1,,,,,,
sensor,E1_camera,,plate_captured,AAA106,2026-01-13 18:02:59,E1,,,,,,
sensor,E1_motion,,motion_detected,1,2026-01-13 18:03:26,E1,,,,,,
sensor,E1_camera,,plate_captured,AAA107,2026-01-13 18:03:28,E1,,,,,,
sensor,E1_motion,,motion_detected,1,2026-01-13 18:03:56,E1,,,,,,
sensor,E1_camera,,plate_captured,AAA108,2026-01-13 18:04:00,E1,,,,,,
sensor,E1_motion,,motion_detected,1,2026-01-13 18:04:26,E1,,,,,,
sensor,E1_camera,,plate_captured,AAA109,2026-01-13 18:04:27,E1,,,,,,
sensor,E1_motion,,motion_detected,1,2026-01-13 18:04:56,E1,,,,,,
sensor,E1_camera,,plate_captured,AAA110,2026-01-13 18:04:58,E1,,,,,,
sensor,E1_motion,,motion_detected,1,2026-01-13 18:05:26,E1,,,,,,
sensor,E1_camera,,plate_captured,AAA111,2026-01-13 18:05:29,E1,,,,,,
sensor,E1_motion,,motion_detected,1,2026-01-13 18:05:56,E1,,,,,,
sensor,E1_camera,,plate_captured,AAA112,2026-01-13 18:05:59,E1,,,,,,
sensor,E1_motion,,motion_detected,1,2026-01-13 18:06:26,E1,,,,,,
sensor,E1_camera,,plate_captured,AAA113,2026-01-13 18:06:27,E1,,,,,,
sensor,E1_motion,,motion_detected,1,2026-01-13 18:06:56,E1,,,,,,
sensor,E1_camera,,plate_captured,AAA114,2026-01-13 18:07:00,E1,,,,,,
sensor,E1_motion,,motion_detected,1,2026-01-13 18:07:26,E1,,,,,,
sensor,E1_camera,,plate_captured,AAA115,2026-01-13 18:07:29,E1,,,,,,
sensor,E1_motion,,motion_detected,1,2026-01-13 18:07:56,E1,,,,,,
sensor,E1_camera,,plate_captured,AAA116,2026-01-13 18:07:58,E1,,,,,,
sensor,E1_motion,,motion_detected,1,2026-01-13 18:08:26,E1,,,,,,
sensor,E1_motion,,motion_detected,1,2026-01-13 18:08:56,E1,,,,,,
sensor,E1_camera,,plate_captured,AAA118,2026-01-13 18:08:57,E1,,,,,,
sensor,E1_motion,,motion_detected,1,2026-01-13 18:09:26,E1,,,,,,
sensor,E1_camera,,plate_captured,AAA119,2026-01-13 18:09:29,E1,,,,,,
sensor,E1_motion,,motion_detected,1,2026-01-13 18:09:56,E1,,,,,,
sensor,E1_camera,,plate_captured,AAA120,2026-01-13 18:09:57,E1,,,,,,
sensor,E1_motion,,motion_detected,1,2026-01-13 18:10:26,E1,,,,,,
sensor,E1_camera,,plate_captured,AAA121,2026-01-13 18:10:30,E1,,,,,,
sensor,E1_motion,,motion_detected,1,2026-01-13 18:10:56,E1,,,,,,
sensor,E1_camera,,plate_captured,AAA122,2026-01-13 18:11:00,E1,,,,,,
sensor,E1_motion,,motion_detected,1,2026-01-13 18:11:26,E1,,,,,,
sensor,E1_camera,,plate_captured,AAA123,2026-01-13 18:11:28,E1,,,,,,
sensor,E1_motion,,motion_detected,1,2026-01-13 18:11:56,E1,,,,,,
sensor,E1_camera,,plate_captured,AAA124,2026-01-13 18:12:00,E1,,,,,,
sensor,E1_motion,,motion_detected,1,2026-01-13 18:12:26,E1,,,,,,
sensor,E1_camera,,plate_captured,AAA125,2026-01-13 18:12:28,E1,,,,,,
sensor,E1_motion,,motion_detected,1,2026-01-13 18:12:56,E1,,,,,,
sensor,E1_camera,,plate_captured,AAA126,2026-01-13 18:12:57,E1,,,,,,
sensor,E1_motion,,motion_detected,1,2026-01-13 18:13:26,E1,,,,,,
sensor,E1_camera,,plate_captured,AAA127,2026-01-13 18:13:29,E1,,,,,,
sensor,E1_motion,,motion_detected,1,2026-01-13 18:13:56,E1,,,,,,
sensor,E1_camera,,plate_captured,AAA128,2026-01-13 18:13:59,E1,,,,,,
sensor,E1_motion,,motion_detected,1,2026-01-13 18:14:26,E1,,,,,,
sensor,E1_camera,,plate_captured,AAA129,2026-01-13 18:14:29,E1,,,,,,
sensor,E1_camera,,plate_captured,AAA130,2026-01-13 18:15:00,E1,,,,,,
sensor,E1_motion,,motion_detected,1,2026-01-13 18:15:26,E1,,,,,,
sensor,E1_camera,,plate_captured,AAA131,2026-01-13 18:15:29,E1,,,,,,
sensor,E1_motion,,motion_detected,1,2026-01-13 18:15:56,E1,,,,,,
sensor,E1_camera,,plate_captured,AAA132,2026-01-13 18:15:57,E1,,,,,,
sensor,E1_motion,,motion_detected,1,2026-01-13 18:16:26,E1,,,,,,
sensor,E1_camera,,plate_captured,AAA133,2026-01-13 18:16:30,E1,,,,,,
sensor,E1_motion,,motion_detected,1,2026-01-13 18:16:56,E1,,,,,,
sensor,E1_camera,,plate_captured,AAA134,2026-01-13 18:16:58,E1,,,,,,
sensor,E1_motion,,motion_detected,1,2026-01-13 18:17:26,E1,,,,,,
sensor,E1_camera,,plate_captured,AAA135,2026-01-13 18:17:27,E1,,,,,,
sensor,E1_motion,,motion_detected,1,2026-01-13 18:17:56,E1,,,,,,
sensor,E1_camera,,plate_captured,AAA136,2026-01-13 18:17:57,E1,,,,,,
sensor,E1_motion,,motion_detected,1,2026-01-13 18:18:26,E1,,,,,,
sensor,E1_camera,,plate_captured,AAA137,2026-01-13 18:18:30,E1,,,,,,
sensor,E1_motion,,motion_detected,1,2026-01-13 18:18:56,E1,,,,,,
sensor,E1_camera,,plate_captured,AAA138,2026-01-13 18:18:57,E1,,,,,,
sensor,E1_motion,,motion_detected,1,2026-01-13 18:19:26,E1,,,,,,
sensor,E1_camera,,plate_captured,AAA139,2026-01-13 18:19:27,E1,,,,,,
sensor,E1_motion,,motion_detected,1,2026-01-13 18:19:56,E1,,,,,,
sensor,E1_camera,,plate_captured,AAA140,2026-01-13 18:19:58,E1,,,,,,
sensor,E1_motion,,motion_detected,1,2026-01-13 18:20:26,E1,,,,,,
sensor,E1_camera,,plate_captured,AAA141,2026-01-13 18:20:27,E1,,,,,,
sensor,E1_motion,,motion_detected,1,2026-01-13 18:20:56,E1,,,,,,
sensor,E1_camera,,plate_captured,AAA142,2026-01-13 18:20:57,E1,,,,,,
sensor,E1_motion,,motion_detected,1,2026-01-13 18:21:26,E1,,,,,,
sensor,E1_camera,,plate_captured,AAA143,2026-01-13 18:21:30,E1,,,,,,
sensor,E1_motion,,motion_detected,1,2026-01-13 18:21:56,E1,,,,,,
sensor,E1_camera,,plate_captured,AAA144,2026-01-13 18:22:00,E1,,,,,,
sensor,E1_motion,,motion_detected,1,2026-01-13 18:22:26,E1,,,,,,
sensor,E1_camera,,plate_captured,AAA145,2026-01-13 18:22:30,E1,,,,,,
sensor,E1_motion,,motion_detected,1,2026-01-13 18:22:56,E1,,,,,,
sensor,E1_camera,,plate_captured,AAA146,2026-01-13 18:22:59,E1,,,,,,
sensor,E1_motion,,motion_detected,1,2026-01-13 18:23:26,E1,,,,,,
sensor,E1_camera,,plate_captured,AAA147,2026-01-13 18:23:30,E1,,,,,,
sensor,E1_motion,,motion_detected,1,2026-01-13 18:23:56,E1,,,,,,
sensor,E1_motion,,motion_detected,1,2026-01-13 18:24:26,E1,,,,,,
sensor,E1_camera,,plate_captured,AAA149,2026-01-13 18:24:30,E1,,,,,,
sensor,E1_motion,,motion_detected,1,2026-01-13 18:24:56,E1,,,,,,
sensor,E1_camera,,plate_captured,AAA150,2026-01-13 18:24:57,E1,,,,,,
sensor,E2_motion,,motion_detected,1,2026-01-13 18:30:27,E2,,,,,,
sensor,E2_camera,,plate_captured,AAA102,2026-01-13 18:30:28,E2,,,,,,
sensor,E2_motion,,motion_detected,1,2026-01-13 18:30:57,E2,,,,,,
sensor,E2_camera,,plate_captured,AAA103,2026-01-13 18:31:00,E2,,,,,,
sensor,E2_motion,,motion_detected,1,2026-01-13 18:31:27,E2,,,,,,
sensor,E2_camera,,plate_captured,AAA104,2026-01-13 18:31:28,E2,,,,,,
sensor,E2_motion,,motion_detected,1,2026-01-13 18:31:57,E2,,,,,,
sensor,E2_camera,,plate_captured,AAA105,2026-01-13 18:31:59,E2,,,,,,
sensor,E2_motion,,motion_detected,1,2026-01-13 18:32:27,E2,,,,,,
sensor,E2_camera,,plate_captured,AAA106,2026-01-13 18:32:30,E2,,,,,,
sensor,E2_motion,,motion_detected,1,2026-01-13 18:32:57,E2,,,,,,
sensor,E2_camera,,plate_captured,AAA107,2026-01-13 18:33:01,E2,,,,,,
sensor,E2_motion,,motion_detected,1,2026-01-13 18:33:27,E2,,,,,,
sensor,E2_camera,,plate_captured,AAA108,2026-01-13 18:33:31,E2,,,,,,
sensor,E2_motion,,motion_detected,1,2026-01-13 18:33:57,E2,,,,,,
sensor,E2_camera,,plate_captured,AAA109,2026-01-13 18:34:01,E2,,,,,,
sensor,E2_motion,,motion_detected,1,2026-01-13 18:34:27,E2,,,,,,
sensor,E2_camera,,plate_captured,AAA110,2026-01-13 18:34:31,E2,,,,,,
sensor,E2_motion,,motion_detected,1,2026-01-13 18:34:57,E2,,,,,,
sensor,E2_camera,,plate_captured,AAA111,2026-01-13 18:34:58,E2,,,,,,
sensor,E2_motion,,motion_detected,1,2026-01-13 18:35:27,E2,,,,,,
sensor,E2_camera,,plate_captured,AAA112,2026-01-13 18:35:28,E2,,,,,,
sensor,E2_motion,,motion_detected,1,2026-01-13 18:35:57,E2,,,,,,
sensor,E2_camera,,plate_captured,AAA113,2026-01-13 18:35:58,E2,,,,,,
sensor,E2_motion,,motion_detected,1,2026-01-13 18:36:27,E2,,,,,,
sensor,E2_camera,,plate_captured,AAA114,2026-01-13 18:36:31,E2,,,,,,
sensor,E2_camera,,plate_captured,AAA115,2026-01-13 18:37:01,E2,,,,,,
sensor,E2_motion,,motion_detected,1,2026-01-13 18:37:27,E2,,,,,,
sensor,E2_camera,,plate_captured,AAA116,2026-01-13 18:37:28,E2,,,,,,
sensor,E2_motion,,motion_detected,1,2026-01-13 18:37:57,E2,,,,,,
sensor,E2_camera,,plate_captured,AAA117,2026-01-13 18:37:59,E2,,,,,,
sensor,E2_motion,,motion_detected,1,2026-01-13 18:38:27,E2,,,,,,
sensor,E2_camera,,plate_captured,AAA118,2026-01-13 18:38:30,E2,,,,,,
sensor,E2_motion,,motion_detected,1,2026-01-13 18:38:57,E2,,,,,,
sensor,E2_camera,,plate_captured,AAA119,2026-01-13 18:38:59,E2,,,,,,
sensor,E2_motion,,motion_detected,1,2026-01-13 18:39:27,E2,,,,,,
sensor,E2_camera,,plate_captured,AAA120,2026-01-13 18:39:28,E2,,,,,,
sensor,E2_motion,,motion_detected,1,2026-01-13 18:39:57,E2,,,,,,
sensor,E2_camera,,plate_captured,AAA121,2026-01-13 18:39:58,E2,,,,,,
sensor,E2_motion,,motion_detected,1,2026-01-13 18:40:27,E2,,,,,,
sensor,E2_camera,,plate_captured,AAA122,2026-01-13 18:40:30,E2,,,,,,
sensor,E2_motion,,motion_detected,1,2026-01-13 18:40:57,E2,,,,,,
sensor,E2_motion,,motion_detected,1,2026-01-13 18:41:27,E2,,,,,,
sensor,E2_camera,,plate_captured,AAA124,2026-01-13 18:41:28,E2,,,,,,
sensor,E2_motion,,motion_detected,1,2026-01-13 18:41:57,E2,,,,,,
sensor,E2_camera,,plate_captured,AAA125,2026-01-13 18:42:01,E2,,,,,,
sensor,E2_motion,,motion_detected,1,2026-01-13 18:42:27,E2,,,,,,
sensor,E2_camera,,plate_captured,AAA126,2026-01-13 18:42:31,E2,,,,,,
sensor,E2_motion,,motion_detected,1,2026-01-13 18:42:57,E2,,,,,,
sensor,E2_camera,,plate_captured,AAA127,2026-01-13 18:43:00,E2,,,,,,
sensor,E2_motion,,motion_detected,1,2026-01-13 18:43:27,E2,,,,,,
sensor,E2_camera,,plate_captured,AAA128,2026-01-13 18:43:30,E2,,,,,,
sensor,E2_motion,,motion_detected,1,2026-01-13 18:43:57,E2,,,,,,
sensor,E2_camera,,plate_captured,AAA129,2026-01-13 18:44:01,E2,,,,,,
sensor,E2_motion,,motion_detected,1,2026-01-13 18:44:27,E2,,,,,,
sensor,E2_camera,,plate_captured,AAA130,2026-01-13 18:44:29,E2,,,,,,
sensor,E2_motion,,motion_detected,1,2026-01-13 18:44:57,E2,,,,,,
sensor,E2_camera,,plate_captured,AAA131,2026-01-13 18:44:58,E2,,,,,,
sensor,E2_motion,,motion_detected,1,2026-01-13 18:45:27,E2,,,,,,
sensor,E2_motion,,motion_detected,1,2026-01-13 18:45:57,E2,,,,,,
sensor,E2_camera,,plate_captured,AAA133,2026-01-13 18:46:00,E2,,,,,,
sensor,E2_motion,,motion_detected,1,2026-01-13 18:46:27,E2,,,,,,
sensor,E2_motion,,motion_detected,1,2026-01-13 18:46:57,E2,,,,,,
sensor,E2_camera,,plate_captured,AAA135,2026-01-13 18:46:59,E2,,,,,,
sensor,E2_motion,,motion_detected,1,2026-01-13 18:47:27,E2,,,,,,
sensor,E2_camera,,plate_captured,AAA136,2026-01-13 18:47:30,E2,,,,,,
sensor,E2_motion,,motion_detected,1,2026-01-13 18:47:57,E2,,,,,,
sensor,E2_camera,,plate_captured,AAA137,2026-01-13 18:48:01,E2,,,,,,
sensor,E2_motion,,motion_detected,1,2026-01-13 18:48:27,E2,,,,,,
sensor,E2_camera,,plate_captured,AAA138,2026-01-13 18:48:30,E2,,,,,,
sensor,E2_motion,,motion_detected,1,2026-01-13 18:48:57,E2,,,,,,
sensor,E2_camera,,plate_captured,AAA139,2026-01-13 18:49:01,E2,,,,,,
sensor,E2_motion,,motion_detected,1,2026-01-13 18:49:27,E2,,,,,,
sensor,E2_camera,,plate_captured,AAA140,2026-01-13 18:49:30,E2,,,,,,
sensor,E2_motion,,motion_detected,1,2026-01-13 18:50:27,E2,,,,,,
sensor,E2_camera,,plate_captured,AAA142,2026-01-13 18:50:28,E2,,,,,,
sensor,E2_motion,,motion_detected,1,2026-01-13 18:50:57,E2,,,,,,
sensor,E2_camera,,plate_captured,AAA143,2026-01-13 18:51:00,E2,,,,,,
sensor,E2_motion,,motion_detected,1,2026-01-13 18:51:27,E2,,,,,,
sensor,E2_camera,,plate_captured,AAA144,2026-01-13 18:51:29,E2,,,,,,
sensor,E2_motion,,motion_detected,1,2026-01-13 18:51:57,E2,,,,,,
sensor,E2_motion,,motion_detected,1,2026-01-13 18:52:27,E2,,,,,,
sensor,E2_camera,,plate_captured,AAA146,2026-01-13 18:52:31,E2,,,,,,
sensor,E2_motion,,motion_detected,1,2026-01-13 18:52:57,E2,,,,,,
sensor,E2_camera,,plate_captured,AAA147,2026-01-13 18:52:59,E2,,,,,,
sensor,E2_motion,,motion_detected,1,2026-01-13 18:53:27,E2,,,,,,
sensor,E2_camera,,plate_captured,AAA148,2026-01-13 18:53:29,E2,,,,,,
sensor,E2_camera,,plate_captured,AAA149,2026-01-13 18:54:00,E2,,,,,,
sensor,E2_camera,,plate_captured,AAA150,2026-01-13 18:54:28,E2,,,,,,
actuator,,E2_light,dim,,2026-01-13 18:54:31,E2,,,,,,
interaction,,,,,2026-01-13 18:54:32,,E2,E1,MQTT,dim_alert,motion detected,E2
interaction,,,,,2026-01-13 18:54:35,,E2,W1,MQTT,dim_alert,motion detected,E2
interaction,,,,,2026-01-13 18:54:38,,E2,E1,MQTT,dim_alert,motion detected,E1
actuator,,E1_light,dim,,2026-01-13 18:54:40,E1,,,,,,
interaction,,,,,2026-01-13 18:54:42,,E2,W1,MQTT,dim_alert,motion detected,W1
actuator,,W1_light,dim,,2026-01-13 18:54:43,W1,,,,,,
sensor,E1_camera,,plate_captured,BBB201,2026-01-13 22:00:04,E1,,,,,,
actuator,,E1_light,turn_on,,2026-01-13 22:00:07,E1,,,,,,
interaction,,,,,2026-01-13 22:00:10,,E1,E2,MQTT,turn_on_alert,motion detected,E1
interaction,,,,,2026-01-13 22:00:12,,E1,W1,MQTT,turn_on_alert,motion detected,E1
interaction,,,,,2026-01-13 22:00:16,,E1,W1,MQTT,turn_on_alert,motion detected,W1
actuator,,W1_light,turn_on,,2026-01-13 22:00:20,W1,,,,,,
interaction,,,,,2026-01-13 22:00:24,,E1,E2,MQTT,turn_on_alert,motion detected,E2
actuator,,E2_light,turn_on,,2026-01-13 22:00:25,E2,,,,,,
sensor,E2_motion,,motion_detected,1,2026-01-13 22:05:00,E2,,,,,,
sensor,E2_camera,,plate_captured,BBB201,2026-01-13 22:05:01,E2,,,,,,
actuator,,E2_light,dim,,2026-01-13 22:05:04,E2,,,,,,
interaction,,,,,2026-01-13 22:05:08,,E2,E1,MQTT,dim_alert,motion detected,E2
interaction,,,,,2026-01-13 22:05:12,,E2,W1,MQTT,dim_alert,motion detected,E2
interaction,,,,,2026-01-13 22:05:13,,E2,W1,MQTT,dim_alert,motion detected,W1
actuator,,W1_light,dim,,2026-01-13 22:05:16,W1,,,,,,
interaction,,,,,2026-01-13 22:05:20,,E2,E1,MQTT,dim_alert,motion detected,E1
actuator,,E1_light,dim,,2026-01-13 22:05:23,E1,,,,,,
sensor,E1_motion,,motion_detected,1,2026-01-14 00:00:00,E1,,,,,,
sensor,E1_camera,,plate_captured,BBB202,2026-01-14 00:00:04,E1,,,,,,
actuator,,E1_light,turn_on,,2026-01-14 00:00:06,E1,,,,,,
interaction,,,,,2026-01-14 00:00:09,,E1,E2,MQTT,turn_on_alert,motion detected,E1
interaction,,,,,2026-01-14 00:00:13,,E1,W1,MQTT,turn_on_alert,motion detected,E1
interaction,,,,,2026-01-14 00:00:15,,E1,E2,MQTT,turn_on_alert,motion detected,E2
actuator,,E2_light,turn_on,,2026-01-14 00:00:19,E2,,,,,,
interaction,,,,,2026-01-14 00:00:20,,E1,W1,MQTT,turn_on_alert,motion detected,W1
actuator,,W1_light,turn_on,,2026-01-14 00:00:23,W1,,,,,,
sensor,E2_motion,,motion_detected,1,2026-01-14 00:05:00,E2,,,,,,
sensor,E2_camera,,plate_captured,BBB202,2026-01-14 00:05:03,E2,,,,,,
actuator,,E2_light,dim,,2026-01-14 00:05:04,E2,,,,,,
interaction,,,,,2026-01-14 00:05:05,,E2,E1,MQTT,dim_alert,motion detected,E2
interaction,,,,,2026-01-14 00:05:08,,E2,W1,MQTT,dim_alert,motion detected,E2
interaction,,,,,2026-01-14 00:05:11,,E2,E1,MQTT,dim_alert,motion detected,E1
actuator,,E1_light,dim,,2026-01-14 00:05:12,E1,,,,,,
interaction,,,,,2026-01-14 00:05:16,,E2,W1,MQTT,dim_alert,motion detected,W1
actuator,,W1_light,dim,,2026-01-14 00:05:17,W1,,,,,,
sensor,E1_motion,,motion_detected,1,2026-01-14 02:00:00,E1,,,,,,
sensor,E1_camera,,plate_captured,BBB203,2026-01-14 02:00:03,E1,,,,,,
actuator,,E1_light,turn_on,,2026-01-14 02:00:07,E1,,,,,,
interaction,,,,,2026-01-14 02:00:08,,E1,E2,MQTT,turn_on_alert,motion detected,E1
interaction,,,,,2026-01-14 02:00:10,,E1,W1,MQTT,turn_on_alert,motion detected,E1
actuator,,W1_light,turn_on,,2026-01-14 02:00:16,W1,,,,,,
interaction,,,,,2026-01-14 02:00:20,,E1,E2,MQTT,turn_on_alert,motion detected,E2
actuator,,E2_light,turn_on,,2026-01-14 02:00:24,E2,,,,,,
sensor,E2_motion,,motion_detected,1,2026-01-14 02:05:00,E2,,,,,,
sensor,E2_camera,,plate_captured,BBB203,2026-01-14 02:05:03,E2,,,,,,
actuator,,E2_light,dim,,2026-01-14 02:05:07,E2,,,,,,
interaction,,,,,2026-01-14 02:05:10,,E2,E1,MQTT,dim_alert,motion detected,E2
interaction,,,,,2026-01-14 02:05:12,,E2,W1,MQTT,dim_alert,motion detected,E2
interaction,,,,,2026-01-14 02:05:14,,E2,W1,MQTT,dim_alert,motion detected,W1
actuator,,W1_light,dim,,2026-01-14 02:05:16,W1,,,,,,
actuator,,E1_light,dim,,2026-01-14 02:05:21,E1,,,,,,
sensor,E1_motion,,motion_detected,1,2026-01-14 04:00:00,E1,,,,,,
sensor,E1_camera,,plate_captured,BBB204,2026-01-14 04:00:01,E1,,,,,,
actuator,,E1_light,turn_on,,2026-01-14 04:00:03,E1,,,,,,
interaction,,,,,2026-01-14 04:00:05,,E1,E2,MQTT,turn_on_alert,motion detected,E1
interaction,,,,,2026-01-14 04:00:11,,E1,E2,MQTT,turn_on_alert,motion detected,E2
interaction,,,,,2026-01-14 04:00:17,,E1,W1,MQTT,turn_on_alert,motion detected,W1
actuator,,W1_light,turn_on,,2026-01-14 04:00:21,W1,,,,,,
sensor,E2_camera,,plate_captured,BBB204,2026-01-14 04:05:01,E2,,,,,,
actuator,,E2_light,dim,,2026-01-14 04:05:03,E2,,,,,,
interaction,,,,,2026-01-14 04:05:07,,E2,E1,MQTT,dim_alert,motion detected,E2
interaction,,,,,2026-01-14 04:05:09,,E2,W1,MQTT,dim_alert,motion detected,E2
interaction,,,,,2026-01-14 04:05:10,,E2,E1,MQTT,dim_alert,motion detected,E1
interaction,,,,,2026-01-14 04:05:15,,E2,W1,MQTT,dim_alert,motion detected,W1
actuator,,W1_light,dim,,2026-01-14 04:05:16,W1,,,,,,
sensor,E1_motion,,motion_detected,1,2026-01-14 06:00:00,E1,,,,,,
sensor,E1_camera,,plate_captured,BBB205,2026-01-14 06:00:01,E1,,,,,,
actuator,,E1_light,turn_on,,2026-01-14 06:00:04,E1,,,,,,
interaction,,,,,2026-01-14 06:00:12,,E1,W1,MQTT,turn_on_alert,motion detected,W1
actuator,,W1_light,turn_on,,2026-01-14 06:00:13,W1,,,,,,
interaction,,,,,2026-01-14 06:00:14,,E1,E2,MQTT,turn_on_alert,motion detected,E2
actuator,,E2_light,turn_on,,2026-01-14 06:00:16,E2,,,,,,
sensor,E2_motion,,motion_detected,1,2026-01-14 06:05:00,E2,,,,,,
sensor,E2_camera,,plate_captured,BBB205,2026-01-14 06:05:03,E2,,,,,,
actuator,,E2_light,dim,,2026-01-14 06:05:04,E2,,,,,,
interaction,,,,,2026-01-14 06:05:05,,E2,E1,MQTT,dim_alert,motion detected,E2
interaction,,,,,2026-01-14 06:05:08,,E2,W1,MQTT,dim_alert,motion detected,E2
interaction,,,,,2026-01-14 06:05:11,,E2,W1,MQTT,dim_alert,motion detected,W1
actuator,,W1_light,dim,,2026-01-14 06:05:13,W1,,,,,,
interaction,,,,,2026-01-14 06:05:15,,E2,E1,MQTT,dim_alert,motion detected,E1
actuator,,E1_light,dim,,2026-01-14 06:05:18,E1,,,,,,
sensor,E1_motion,,motion_detected,1,2026-01-14 08:00:00,E1,,,,,,
sensor,E1_camera,,plate_captured,BBB206,2026-01-14 08:00:01,E1,,,,,,
actuator,,E1_light,turn_on,,2026-01-14 08:00:05,E1,,,,,,
interaction,,,,,2026-01-14 08:00:10,,E1,W1,MQTT,turn_on_alert,motion detected,E1
interaction,,,,,2026-01-14 08:00:14,,E1,E2,MQTT,turn_on_alert,motion detected,E2
actuator,,E2_light,turn_on,,2026-01-14 08:00:15,E2,,,,,,
actuator,,W1_light,turn_on,,2026-01-14 08:00:21,W1,,,,,,
sensor,E2_motion,,motion_detected,1,2026-01-14 08:05:00,E2,,,,,,
sensor,E2_camera,,plate_captured,BBB206,2026-01-14 08:05:02,E2,,,,,,
actuator,,E2_light,dim,,2026-01-14 08:05:05,E2,,,,,,
interaction,,,,,2026-01-14 08:05:07,,E2,E1,MQTT,dim_alert,motion detected,E2
interaction,,,,,2026-01-14 08:05:08,,E2,W1,MQTT,dim_alert,motion detected,E2
interaction,,,,,2026-01-14 08:05:12,,E2,E1,MQTT,dim_alert,motion detected,E1
actuator,,E1_light,dim,,2026-01-14 08:05:16,E1,,,,,,
interaction,,,,,2026-01-14 08:05:17,,E2,W1,MQTT,dim_alert,motion detected,W1
actuator,,W1_light,dim,,2026-01-14 08:05:20,W1,,,,,,
sensor,E1_motion,,motion_detected,1,2026-01-14 10:00:00,E1,,,,,,
sensor,E1_camera,,plate_captured,BBB207,2026-01-14 10:00:04,E1,,,,,,
actuator,,E1_light,turn_on,,2026-01-14 10:00:06,E1,,,,,,
interaction,,,,,2026-01-14 10:00:08,,E1,E2,MQTT,turn_on_alert,motion detected,E1
interaction,,,,,2026-01-14 10:00:10,,E1,W1,MQTT,turn_on_alert,motion detected,E1
interaction,,,,,2026-01-14 10:00:14,,E1,W1,MQTT,turn_on_alert,motion detected,W1
actuator,,W1_light,turn_on,,2026-01-14 10:00:17,W1,,,,,,
interaction,,,,,2026-01-14 10:00:20,,E1,E2,MQTT,turn_on_alert,motion detected,E2
sensor,E2_motion,,motion_detected,1,2026-01-14 10:05:00,E2,,,,,,
sensor,E2_camera,,plate_captured,BBB207,2026-01-14 10:05:01,E2,,,,,,
actuator,,E2_light,dim,,2026-01-14 10:05:05,E2,,,,,,
interaction,,,,,2026-01-14 10:05:08,,E2,E1,MQTT,dim_alert,motion detected,E2
interaction,,,,,2026-01-14 10:05:10,,E2,W1,MQTT,dim_alert,motion detected,E2
interaction,,,,,2026-01-14 10:05:14,,E2,W1,MQTT,dim_alert,motion detected,W1
actuator,,W1_light,dim,,2026-01-14 10:05:16,W1,,,,,,
interaction,,,,,2026-01-14 10:05:17,,E2,E1,MQTT,dim_alert,motion detected,E1
sensor,E1_motion,,motion_detected,1,2026-01-14 12:00:00,E1,,,,,,
sensor,E1_camera,,plate_captured,BBB208,2026-01-14 12:00:02,E1,,,,,,
actuator,,E1_light,turn_on,,2026-01-14 12:00:04,E1,,,,,,
interaction,,,,,2026-01-14 12:00:05,,E1,E2,MQTT,turn_on_alert,motion detected,E1
interaction,,,,,2026-01-14 12:00:09,,E1,W1,MQTT,turn_on_alert,motion detected,E1
interaction,,,,,2026-01-14 12:00:11,,E1,E2,MQTT,turn_on_alert,motion detected,E2
actuator,,E2_light,turn_on,,2026-01-14 12:00:15,E2,,,,,,
interaction,,,,,2026-01-14 12:00:16,,E1,W1,MQTT,turn_on_alert,motion detected,W1
actuator,,W1_light,turn_on,,2026-01-14 12:00:18,W1,,,,,,
sensor,E2_camera,,plate_captured,BBB208,2026-01-14 12:05:01,E2,,,,,,
actuator,,E2_light,dim,,2026-01-14 12:05:05,E2,,,,,,
interaction,,,,,2026-01-14 12:05:09,,E2,E1,MQTT,dim_alert,motion detected,E2
interaction,,,,,2026-01-14 12:05:11,,E2,W1,MQTT,dim_alert,motion detected,E2
interaction,,,,,2026-01-14 12:05:14,,E2,E1,MQTT,dim_alert,motion detected,E1
actuator,,E1_light,dim,,2026-01-14 12:05:17,E1,,,,,,
interaction,,,,,2026-01-14 12:05:19,,E2,W1,MQTT,dim_alert,motion detected,W1
actuator,,W1_light,dim,,2026-01-14 12:05:23,W1,,,,,,
sensor,E1_motion,,motion_detected,1,2026-01-14 14:00:00,E1,,,,,,
sensor,E1_camera,,plate_captured,BBB209,2026-01-14 14:00:03,E1,,,,,,
actuator,,E1_light,turn_on,,2026-01-14 14:00:06,E1,,,,,,
interaction,,,,,2026-01-14 14:00:08,,E1,W1,MQTT,turn_on_alert,motion detected,E1
interaction,,,,,2026-01-14 14:00:12,,E1,W1,MQTT,turn_on_alert,motion detected,W1
interaction,,,,,2026-01-14 14:00:17,,E1,E2,MQTT,turn_on_alert,motion detected,E2
actuator,,E2_light,turn_on,,2026-01-14 14:00:21,E2,,,,,,
sensor,E2_motion,,motion_detected,1,2026-01-14 14:05:00,E2,,,,,,
sensor,E2_camera,,plate_captured,BBB209,2026-01-14 14:05:02,E2,,,,,,
actuator,,E2_light,dim,,2026-01-14 14:05:04,E2,,,,,,
interaction,,,,,2026-01-14 14:05:06,,E2,E1,MQTT,dim_alert,motion detected,E2
interaction,,,,,2026-01-14 14:05:07,,E2,W1,MQTT,dim_alert,motion detected,E2
interaction,,,,,2026-01-14 14:05:08,,E2,W1,MQTT,dim_alert,motion detected,W1
actuator,,W1_light,dim,,2026-01-14 14:05:12,W1,,,,,,
interaction,,,,,2026-01-14 14:05:16,,E2,E1,MQTT,dim_alert,motion detected,E1
actuator,,E1_light,dim,,2026-01-14 14:05:17,E1,,,,,,
sensor,E1_motion,,motion_detected,1,2026-01-14 16:00:00,E1,,,,,,
sensor,E1_camera,,plate_captured,BBB210,2026-01-14 16:00:04,E1,,,,,,
actuator,,E1_light,turn_on,,2026-01-14 16:00:05,E1,,,,,,
interaction,,,,,2026-01-14 16:00:08,,E1,E2,MQTT,turn_on_alert,motion detected,E1
interaction,,,,,2026-01-14 16:00:09,,E1,W1,MQTT,turn_on_alert,motion detected,E1
interaction,,,,,2026-01-14 16:00:11,,E1,E2,MQTT,turn_on_alert,motion detected,E2
actuator,,E2_light,turn_on,,2026-01-14 16:00:15,E2,,,,,,
interaction,,,,,2026-01-14 16:00:19,,E1,W1,MQTT,turn_on_alert,motion detected,W1
actuator,,W1_light,turn_on,,2026-01-14 16:00:20,W1,,,,,,
sensor,E2_motion,,motion_detected,1,2026-01-14 16:05:00,E2,,,,,,
sensor,E2_camera,,plate_captured,BBB210,2026-01-14 16:05:03,E2,,,,,,
actuator,,E2_light,dim,,2026-01-14 16:05:07,E2,,,,,,
interaction,,,,,2026-01-14 16:05:15,,E2,W1,MQTT,dim_alert,motion detected,E2
interaction,,,,,2026-01-14 16:05:16,,E2,E1,MQTT,dim_alert,motion detected,E1
interaction,,,,,2026-01-14 16:05:22,,E2,W1,MQTT,dim_alert,motion detected,W1
actuator,,W1_light,dim,,2026-01-14 16:05:25,W1,,,,,,
sensor,E1_motion,,motion_detected,1,2026-01-14 18:00:00,E1,,,,,,
sensor,E1_camera,,plate_captured,BBB211,2026-01-14 18:00:01,E1,,,,,,
actuator,,E1_light,turn_on,,2026-01-14 18:00:04,E1,,,,,,
interaction,,,,,2026-01-14 18:00:07,,E1,E2,MQTT,turn_on_alert,motion detected,E1
interaction,,,,,2026-01-14 18:00:09,,E1,W1,MQTT,turn_on_alert,motion detected,E1
interaction,,,,,2026-01-14 18:00:10,,E1,W1,MQTT,turn_on_alert,motion detected,W1
actuator,,W1_light,turn_on,,2026-01-14 18:00:12,W1,,,,,,
interaction,,,,,2026-01-14 18:00:14,,E1,E2,MQTT,turn_on_alert,motion detected,E2
actuator,,E2_light,turn_on,,2026-01-14 18:00:16,E2,,,,,,
sensor,E2_motion,,motion_detected,1,2026-01-14 18:05:00,E2,,,,,,
sensor,E2_camera,,plate_captured,BBB211,2026-01-14 18:05:03,E2,,,,,,
actuator,,E2_light,dim,,2026-01-14 18:05:06,E2,,,,,,
interaction,,,,,2026-01-14 18:05:10,,E2,E1,MQTT,dim_alert,motion detected,E2
interaction,,,,,2026-01-14 18:05:14,,E2,W1,MQTT,dim_alert,motion detected,E2
interaction,,,,,2026-01-14 18:05:17,,E2,W1,MQTT,dim_alert,motion detected,W1
actuator,,W1_light,dim,,2026-01-14 18:05:18,W1,,,,,,
interaction,,,,,2026-01-14 18:05:22,,E2,E1,MQTT,dim_alert,motion detected,E1
actuator,,E1_light,dim,,2026-01-14 18:05:23,E1,,,,,,
sensor,E1_motion,,motion_detected,1,2026-01-14 20:00:00,E1,,,,,,
sensor,E1_camera,,plate_captured,BBB212,2026-01-14 20:00:01,E1,,,,,,
actuator,,E1_light,turn_on,,2026-01-14 20:00:02,E1,,,,,,
interaction,,,,,2026-01-14 20:00:04,,E1,E2,MQTT,turn_on_alert,motion detected,E1
interaction,,,,,2026-01-14 20:00:07,,E1,E2,MQTT,turn_on_alert,motion detected,E2
actuator,,E2_light,turn_on,,2026-01-14 20:00:10,E2,,,,,,
interaction,,,,,2026-01-14 20:00:12,,E1,W1,MQTT,turn_on_alert,motion detected,W1
actuator,,W1_light,turn_on,,2026-01-14 20:00:13,W1,,,,,,
sensor,E2_motion,,motion_detected,1,2026-01-14 20:05:00,E2,,,,,,
sensor,E2_camera,,plate_captured,BBB212,2026-01-14 20:05:04,E2,,,,,,
actuator,,E2_light,dim,,2026-01-14 20:05:05,E2,,,,,,
interaction,,,,,2026-01-14 20:05:09,,E2,E1,MQTT,dim_alert,motion detected,E2
interaction,,,,,2026-01-14 20:05:10,,E2,W1,MQTT,dim_alert,motion detected,E2
interaction,,,,,2026-01-14 20:05:12,,E2,E1,MQTT,dim_alert,motion detected,E1
actuator,,E1_light,dim,,2026-01-14 20:05:15,E1,,,,,,
interaction,,,,,2026-01-14 20:05:18,,E2,W1,MQTT,dim_alert,motion detected,W1
actuator,,W1_light,dim,,2026-01-14 20:05:21,W1,,,,,,
sensor,E1_motion,,motion_detected,1,2026-01-14 22:00:00,E1,,,,,,
sensor,E1_camera,,plate_captured,BBB213,2026-01-14 22:00:03,E1,,,,,,
actuator,,E1_light,turn_on,,2026-01-14 22:00:07,E1,,,,,,
interaction,,,,,2026-01-14 22:00:12,,E1,W1,MQTT,turn_on_alert,motion detected,E1
actuator,,W1_light,turn_on,,2026-01-14 22:00:19,W1,,,,,,
interaction,,,,,2026-01-14 22:00:23,,E1,E2,MQTT,turn_on_alert,motion detected,E2
actuator,,E2_light,turn_on,,2026-01-14 22:00:27,E2,,,,,,
sensor,E2_motion,,motion_detected,1,2026-01-14 22:05:00,E2,,,,,,
sensor,E2_camera,,plate_captured,BBB213,2026-01-14 22:05:02,E2,,,,,,
actuator,,E2_light,dim,,2026-01-14 22:05:03,E2,,,,,,
interaction,,,,,2026-01-14 22:05:04,,E2,E1,MQTT,dim_alert,motion detected,E2
interaction,,,,,2026-01-14 22:05:05,,E2,W1,MQTT,dim_alert,motion detected,E2
interaction,,,,,2026-01-14 22:05:07,,E2,W1,MQTT,dim_alert,motion detected,W1
actuator,,W1_light,dim,,2026-01-14 22:05:09,W1,,,,,,
interaction,,,,,2026-01-14 22:05:10,,E2,E1,MQTT,dim_alert,motion detected,E1
actuator,,E1_light,dim,,2026-01-14 22:05:11,E1,,,,,,
sensor,E1_motion,,motion_detected,1,2026-01-15 00:00:00,E1,,,,,,
sensor,E1_camera,,plate_captured,BBB214,2026-01-15 00:00:01,E1,,,,,,
actuator,,E1_light,turn_on,,2026-01-15 00:00:04,E1,,,,,,
interaction,,,,,2026-01-15 00:00:05,,E1,E2,MQTT,turn_on_alert,motion detected,E1
interaction,,,,,2026-01-15 00:00:08,,E1,W1,MQTT,turn_on_alert,motion detected,E1
interaction,,,,,2026-01-15 00:00:09,,E1,E2,MQTT,turn_on_alert,motion detected,E2
actuator,,E2_light,turn_on,,2026-01-15 00:00:13,E2,,,,,,
interaction,,,,,2026-01-15 00:00:14,,E1,W1,MQTT,turn_on_alert,motion detected,W1
actuator,,W1_light,turn_on,,2026-01-15 00:00:15,W1,,,,,,
sensor,E2_motion,,motion_detected,1,2026-01-15 00:05:00,E2,,,,,,
sensor,E2_camera,,plate_captured,BBB214,2026-01-15 00:05:01,E2,,,,,,
actuator,,E2_light,dim,,2026-01-15 00:05:05,E2,,,,,,
interaction,,,,,2026-01-15 00:05:12,,E2,E1,MQTT,dim_alert,motion detected,E1
actuator,,E1_light,dim,,2026-01-15 00:05:13,E1,,,,,,
interaction,,,,,2026-01-15 00:05:16,,E2,W1,MQTT,dim_alert,motion detected,W1
actuator,,W1_light,dim,,2026-01-15 00:05:19,W1,,,,,,
sensor,E1_motion,,motion_detected,1,2026-01-15 02:00:00,E1,,,,,,
sensor,E1_camera,,plate_captured,BBB215,2026-01-15 02:00:04,E1,,,,,,
actuator,,E1_light,turn_on,,2026-01-15 02:00:05,E1,,,,,,
interaction,,,,,2026-01-15 02:00:06,,E1,E2,MQTT,turn_on_alert,motion detected,E1
interaction,,,,,2026-01-15 02:00:07,,E1,W1,MQTT,turn_on_alert,motion detected,E1
interaction,,,,,2026-01-15 02:00:11,,E1,W1,MQTT,turn_on_alert,motion detected,W1
actuator,,W1_light,turn_on,,2026-01-15 02:00:12,W1,,,,,,
interaction,,,,,2026-01-15 02:00:15,,E1,E2,MQTT,turn_on_alert,motion detected,E2
actuator,,E2_light,turn_on,,2026-01-15 02:00:18,E2,,,,,,
sensor,E2_motion,,motion_detected,1,2026-01-15 02:05:00,E2,,,,,,
sensor,E2_camera,,plate_captured,BBB215,2026-01-15 02:05:04,E2,,,,,,
actuator,,E2_light,dim,,2026-01-15 02:05:07,E2,,,,,,
interaction,,,,,2026-01-15 02:05:11,,E2,E1,MQTT,dim_alert,motion detected,E2
interaction,,,,,2026-01-15 02:05:15,,E2,W1,MQTT,dim_alert,motion detected,E2
interaction,,,,,2026-01-15 02:05:17,,E2,W1,MQTT,dim_alert,motion detected,W1
actuator,,W1_light,dim,,2026-01-15 02:05:19,W1,,,,,,
interaction,,,,,2026-01-15 02:05:21,,E2,E1,MQTT,dim_alert,motion detected,E1
actuator,,E1_light,dim,,2026-01-15 02:05:23,E1,,,,,,
sensor,E1_motion,,motion_detected,1,2026-01-15 04:00:00,E1,,,,,,
sensor,E1_camera,,plate_captured,BBB216,2026-01-15 04:00:04,E1,,,,,,
actuator,,E1_light,turn_on,,2026-01-15 04:00:07,E1,,,,,,
interaction,,,,,2026-01-15 04:00:10,,E1,E2,MQTT,turn_on_alert,motion detected,E1
interaction,,,,,2026-01-15 04:00:14,,E1,E2,MQTT,turn_on_alert,motion detected,E2
actuator,,E2_light,turn_on,,2026-01-15 04:00:15,E2,,,,,,
interaction,,,,,2026-01-15 04:00:18,,E1,W1,MQTT,turn_on_alert,motion detected,W1
actuator,,W1_light,turn_on,,2026-01-15 04:00:19,W1,,,,,,
sensor,E2_camera,,plate_captured,BBB216,2026-01-15 04:05:02,E2,,,,,,
actuator,,E2_light,dim,,2026-01-15 04:05:03,E2,,,,,,
interaction,,,,,2026-01-15 04:05:04,,E2,E1,MQTT,dim_alert,motion detected,E2
interaction,,,,,2026-01-15 04:05:10,,E2,E1,MQTT,dim_alert,motion detected,E1
actuator,,E1_light,dim,,2026-01-15 04:05:11,E1,,,,,,
interaction,,,,,2026-01-15 04:05:12,,E2,W1,MQTT,dim_alert,motion detected,W1
actuator,,W1_light,dim,,2026-01-15 04:05:15,W1,,,,,,
sensor,E1_motion,,motion_detected,1,2026-01-15 06:00:00,E1,,,,,,
sensor,E1_camera,,plate_captured,BBB217,2026-01-15 06:00:04,E1,,,,,,
actuator,,E1_light,turn_on,,2026-01-15 06:00:08,E1,,,,,,
interaction,,,,,2026-01-15 06:00:10,,E1,E2,MQTT,turn_on_alert,motion detected,E1
interaction,,,,,2026-01-15 06:00:11,,E1,W1,MQTT,turn_on_alert,motion detected,E1
interaction,,,,,2026-01-15 06:00:12,,E1,W1,MQTT,turn_on_alert,motion detected,W1
actuator,,W1_light,turn_on,,2026-01-15 06:00:14,W1,,,,,,
actuator,,E2_light,turn_on,,2026-01-15 06:00:20,E2,,,,,,
sensor,E2_motion,,motion_detected,1,2026-01-15 06:05:00,E2,,,,,,
sensor,E2_camera,,plate_captured,BBB217,2026-01-15 06:05:02,E2,,,,,,
actuator,,E2_light,dim,,2026-01-15 06:05:06,E2,,,,,,
interaction,,,,,2026-01-15 06:05:09,,E2,E1,MQTT,dim_alert,motion detected,E2
interaction,,,,,2026-01-15 06:05:13,,E2,W1,MQTT,dim_alert,motion detected,E2
interaction,,,,,2026-01-15 06:05:15,,E2,W1,MQTT,dim_alert,motion detected,W1
actuator,,W1_light,dim,,2026-01-15 06:05:16,W1,,,,,,
interaction,,,,,2026-01-15 06:05:20,,E2,E1,MQTT,dim_alert,motion detected,E1
actuator,,E1_light,dim,,2026-01-15 06:05:24,E1,,,,,,
sensor,E1_motion,,motion_detected,1,2026-01-15 08:00:00,E1,,,,,,
sensor,E1_camera,,plate_captured,BBB218,2026-01-15 08:00:02,E1,,,,,,
actuator,,E1_light,turn_on,,2026-01-15 08:00:04,E1,,,,,,
interaction,,,,,2026-01-15 08:00:06,,E1,E2,MQTT,turn_on_alert,motion detected,E1
interaction,,,,,2026-01-15 08:00:11,,E1,E2,MQTT,turn_on_alert,motion detected,E2
actuator,,E2_light,turn_on,,2026-01-15 08:00:13,E2,,,,,,
interaction,,,,,2026-01-15 08:00:14,,E1,W1,MQTT,turn_on_alert,motion detected,W1
actuator,,W1_light,turn_on,,2026-01-15 08:00:15,W1,,,,,,
sensor,E2_motion,,motion_detected,1,2026-01-15 08:05:00,E2,,,,,,
sensor,E2_camera,,plate_captured,BBB218,2026-01-15 08:05:03,E2,,,,,,
interaction,,,,,2026-01-15 08:05:05,,E2,E1,MQTT,dim_alert,motion detected,E2
interaction,,,,,2026-01-15 08:05:11,,E2,E1,MQTT,dim_alert,motion detected,E1
actuator,,E1_light,dim,,2026-01-15 08:05:14,E1,,,,,,
interaction,,,,,2026-01-15 08:05:15,,E2,W1,MQTT,dim_alert,motion detected,W1
actuator,,W1_light,dim,,2026-01-15 08:05:18,W1,,,,,,
sensor,E1_motion,,motion_detected,1,2026-01-15 10:00:00,E1,,,,,,
sensor,E1_camera,,plate_captured,BBB219,2026-01-15 10:00:02,E1,,,,,,
interaction,,,,,2026-01-15 10:00:09,,E1,E2,MQTT,turn_on_alert,motion detected,E1
interaction,,,,,2026-01-15 10:00:13,,E1,W1,MQTT,turn_on_alert,motion detected,E1
interaction,,,,,2026-01-15 10:00:16,,E1,W1,MQTT,turn_on_alert,motion detected,W1
actuator,,W1_light,turn_on,,2026-01-15 10:00:17,W1,,,,,,
interaction,,,,,2026-01-15 10:00:20,,E1,E2,MQTT,turn_on_alert,motion detected,E2
actuator,,E2_light,turn_on,,2026-01-15 10:00:23,E2,,,,,,
sensor,E2_motion,,motion_detected,1,2026-01-15 10:05:00,E2,,,,,,
sensor,E2_camera,,plate_captured,BBB219,2026-01-15 10:05:03,E2,,,,,,
actuator,,E2_light,dim,,2026-01-15 10:05:06,E2,,,,,,
interaction,,,,,2026-01-15 10:05:10,,E2,E1,MQTT,dim_alert,motion detected,E2
interaction,,,,,2026-01-15 10:05:12,,E2,W1,MQTT,dim_alert,motion detected,E2
interaction,,,,,2026-01-15 10:05:13,,E2,W1,MQTT,dim_alert,motion detected,W1
actuator,,W1_light,dim,,2026-01-15 10:05:17,W1,,,,,,
interaction,,,,,2026-01-15 10:05:19,,E2,E1,MQTT,dim_alert,motion detected,E1
actuator,,E1_light,dim,,2026-01-15 10:05:21,E1,,,,,,
sensor,E1_camera,,plate_captured,BBB220,2026-01-15 12:00:04,E1,,,,,,
actuator,,E1_light,turn_on,,2026-01-15 12:00:08,E1,,,,,,
interaction,,,,,2026-01-15 12:00:09,,E1,E2,MQTT,turn_on_alert,motion detected,E1
interaction,,,,,2026-01-15 12:00:10,,E1,W1,MQTT,turn_on_alert,motion detected,E1
interaction,,,,,2026-01-15 12:00:12,,E1,E2,MQTT,turn_on_alert,motion detected,E2
actuator,,E2_light,turn_on,,2026-01-15 12:00:13,E2,,,,,,
interaction,,,,,2026-01-15 12:00:16,,E1,W1,MQTT,turn_on_alert,motion detected,W1
actuator,,W1_light,turn_on,,2026-01-15 12:00:20,W1,,,,,,
sensor,E2_motion,,motion_detected,1,2026-01-15 12:05:00,E2,,,,,,
sensor,E2_camera,,plate_captured,BBB220,2026-01-15 12:05:03,E2,,,,,,
interaction,,,,,2026-01-15 12:05:09,,E2,E1,MQTT,dim_alert,motion detected,E2
interaction,,,,,2026-01-15 12:05:17,,E2,E1,MQTT,dim_alert,motion detected,E1
actuator,,E1_light,dim,,2026-01-15 12:05:20,E1,,,,,,
interaction,,,,,2026-01-15 12:05:23,,E2,W1,MQTT,dim_alert,motion detected,W1
actuator,,W1_light,dim,,2026-01-15 12:05:24,W1,,,,,,
sensor,E1_motion,,motion_detected,1,2026-01-15 14:00:00,E1,,,,,,
sensor,E1_camera,,plate_captured,BBB221,2026-01-15 14:00:03,E1,,,,,,
actuator,,E1_light,turn_on,,2026-01-15 14:00:07,E1,,,,,,
interaction,,,,,2026-01-15 14:00:09,,E1,E2,MQTT,turn_on_alert,motion detected,E1
interaction,,,,,2026-01-15 14:00:13,,E1,W1,MQTT,turn_on_alert,motion detected,E1
interaction,,,,,2026-01-15 14:00:17,,E1,W1,MQTT,turn_on_alert,motion detected,W1
actuator,,W1_light,turn_on,,2026-01-15 14:00:18,W1,,,,,,
actuator,,E2_light,turn_on,,2026-01-15 14:00:23,E2,,,,,,
sensor,E2_motion,,motion_detected,1,2026-01-15 14:05:00,E2,,,,,,
sensor,E2_camera,,plate_captured,BBB221,2026-01-15 14:05:04,E2,,,,,,
actuator,,E2_light,dim,,2026-01-15 14:05:07,E2,,,,,,
interaction,,,,,2026-01-15 14:05:13,,E2,W1,MQTT,dim_alert,motion detected,E2
interaction,,,,,2026-01-15 14:05:14,,E2,W1,MQTT,dim_alert,motion detected,W1
actuator,,W1_light,dim,,2026-01-15 14:05:15,W1,,,,,,
interaction,,,,,2026-01-15 14:05:17,,E2,E1,MQTT,dim_alert,motion detected,E1
sensor,E1_motion,,motion_detected,1,2026-01-15 16:00:00,E1,,,,,,
sensor,E1_camera,,plate_captured,BBB222,2026-01-15 16:00:01,E1,,,,,,
interaction,,,,,2026-01-15 16:00:06,,E1,E2,MQTT,turn_on_alert,motion detected,E1
interaction,,,,,2026-01-15 16:00:10,,E1,W1,MQTT,turn_on_alert,motion detected,E1
interaction,,,,,2026-01-15 16:00:12,,E1,E2,MQTT,turn_on_alert,motion detected,E2
actuator,,E2_light,turn_on,,2026-01-15 16:00:13,E2,,,,,,
actuator,,W1_light,turn_on,,2026-01-15 16:00:18,W1,,,,,,
sensor,E2_motion,,motion_detected,1,2026-01-15 16:05:00,E2,,,,,,
sensor,E2_camera,,plate_captured,BBB222,2026-01-15 16:05:02,E2,,,,,,
actuator,,E2_light,dim,,2026-01-15 16:05:03,E2,,,,,,
interaction,,,,,2026-01-15 16:05:06,,E2,E1,MQTT,dim_alert,motion detected,E2
interaction,,,,,2026-01-15 16:05:11,,E2,E1,MQTT,dim_alert,motion detected,E1
actuator,,E1_light,dim,,2026-01-15 16:05:12,E1,,,,,,
interaction,,,,,2026-01-15 16:05:15,,E2,W1,MQTT,dim_alert,motion detected,W1
actuator,,W1_light,dim,,2026-01-15 16:05:19,W1,,,,,,
sensor,E1_motion,,motion_detected,1,2026-01-15 18:00:00,E1,,,,,,
sensor,E1_camera,,plate_captured,BBB223,2026-01-15 18:00:03,E1,,,,,,
actuator,,E1_light,turn_on,,2026-01-15 18:00:05,E1,,,,,,
interaction,,,,,2026-01-15 18:00:06,,E1,E2,MQTT,turn_on_alert,motion detected,E1
interaction,,,,,2026-01-15 18:00:10,,E1,W1,MQTT,turn_on_alert,motion detected,E1
interaction,,,,,2026-01-15 18:00:13,,E1,W1,MQTT,turn_on_alert,motion detected,W1
actuator,,W1_light,turn_on,,2026-01-15 18:00:15,W1,,,,,,
interaction,,,,,2026-01-15 18:00:16,,E1,E2,MQTT,turn_on_alert,motion detected,E2
actuator,,E2_light,turn_on,,2026-01-15 18:00:17,E2,,,,,,
sensor,E2_motion,,motion_detected,1,2026-01-15 18:05:00,E2,,,,,,
sensor,E2_camera,,plate_captured,BBB223,2026-01-15 18:05:01,E2,,,,,,
actuator,,E2_light,dim,,2026-01-15 18:05:03,E2,,,,,,
interaction,,,,,2026-01-15 18:05:04,,E2,E1,MQTT,dim_alert,motion detected,E2
interaction,,,,,2026-01-15 18:05:07,,E2,W1,MQTT,dim_alert,motion detected,E2
interaction,,,,,2026-01-15 18:05:08,,E2,W1,MQTT,dim_alert,motion detected,W1
actuator,,W1_light,dim,,2026-01-15 18:05:11,W1,,,,,,
interaction,,,,,2026-01-15 18:05:15,,E2,E1,MQTT,dim_alert,motion detected,E1
actuator,,E1_light,dim,,2026-01-15 18:05:16,E1,,,,,,
sensor,E1_motion,,motion_detected,1,2026-01-15 20:00:00,E1,,,,,,
sensor,E1_camera,,plate_captured,BBB224,2026-01-15 20:00:01,E1,,,,,,
actuator,,E1_light,turn_on,,2026-01-15 20:00:02,E1,,,,,,
interaction,,,,,2026-01-15 20:00:05,,E1,W1,MQTT,turn_on_alert,motion detected,E1
interaction,,,,,2026-01-15 20:00:08,,E1,E2,MQTT,turn_on_alert,motion detected,E2
actuator,,E2_light,turn_on,,2026-01-15 20:00:12,E2,,,,,,
interaction,,,,,2026-01-15 20:00:15,,E1,W1,MQTT,turn_on_alert,motion detected,W1
actuator,,W1_light,turn_on,,2026-01-15 20:00:18,W1,,,,,,
sensor,E2_motion,,motion_detected,1,2026-01-15 20:05:00,E2,,,,,,
sensor,E2_camera,,plate_captured,BBB224,2026-01-15 20:05:03,E2,,,,,,
actuator,,E2_light,dim,,2026-01-15 20:05:07,E2,,,,,,
interaction,,,,,2026-01-15 20:05:09,,E2,E1,MQTT,dim_alert,motion detected,E2
interaction,,,,,2026-01-15 20:05:12,,E2,W1,MQTT,dim_alert,motion detected,E2
interaction,,,,,2026-01-15 20:05:16,,E2,E1,MQTT,dim_alert,motion detected,E1
actuator,,E1_light,dim,,2026-01-15 20:05:17,E1,,,,,,
interaction,,,,,2026-01-15 20:05:18,,E2,W1,MQTT,dim_alert,motion detected,W1
actuator,,W1_light,dim,,2026-01-15 20:05:21,W1,,,,,,
sensor,E1_motion,,motion_detected,1,2026-01-15 22:00:00,E1,,,,,,
actuator,,E1_light,turn_on,,2026-01-15 22:00:08,E1,,,,,,
interaction,,,,,2026-01-15 22:00:12,,E1,E2,MQTT,turn_on_alert,motion detected,E1
interaction,,,,,2026-01-15 22:00:15,,E1,W1,MQTT,turn_on_alert,motion detected,E1
interaction,,,,,2026-01-15 22:00:17,,E1,W1,MQTT,turn_on_alert,motion detected,W1
actuator,,W1_light,turn_on,,2026-01-15 22:00:20,W1,,,,,,
interaction,,,,,2026-01-15 22:00:22,,E1,E2,MQTT,turn_on_alert,motion detected,E2
actuator,,E2_light,turn_on,,2026-01-15 22:00:26,E2,,,,,,
sensor,E2_motion,,motion_detected,1,2026-01-15 22:05:00,E2,,,,,,
sensor,E2_camera,,plate_captured,BBB225,2026-01-15 22:05:03,E2,,,,,,
actuator,,E2_light,dim,,2026-01-15 22:05:06,E2,,,,,,
interaction,,,,,2026-01-15 22:05:07,,E2,E1,MQTT,dim_alert,motion detected,E2
interaction,,,,,2026-01-15 22:05:09,,E2,W1,MQTT,dim_alert,motion detected,E2
interaction,,,,,2026-01-15 22:05:13,,E2,W1,MQTT,dim_alert,motion detected,W1
actuator,,W1_light,dim,,2026-01-15 22:05:16,W1,,,,,,
interaction,,,,,2026-01-15 22:05:19,,E2,E1,MQTT,dim_alert,motion detected,E1
actuator,,E1_light,dim,,2026-01-15 22:05:20,E1,,,,,,
sensor,E1_motion,,motion_detected,1,2026-01-16 00:00:00,E1,,,,,,
sensor,E1_camera,,plate_captured,BBB226,2026-01-16 00:00:04,E1,,,,,,
actuator,,E1_light,turn_on,,2026-01-16 00:00:08,E1,,,,,,
interaction,,,,,2026-01-16 00:00:11,,E1,E2,MQTT,turn_on_alert,motion detected,E1
interaction,,,,,2026-01-16 00:00:13,,E1,W1,MQTT,turn_on_alert,motion detected,E1
interaction,,,,,2026-01-16 00:00:14,,E1,E2,MQTT,turn_on_alert,motion detected,E2
interaction,,,,,2026-01-16 00:00:19,,E1,W1,MQTT,turn_on_alert,motion detected,W1
actuator,,W1_light,turn_on,,2026-01-16 00:00:20,W1,,,,,,
sensor,E2_camera,,plate_captured,BBB226,2026-01-16 00:05:01,E2,,,,,,
actuator,,E2_light,dim,,2026-01-16 00:05:02,E2,,,,,,
interaction,,,,,2026-01-16 00:05:04,,E2,E1,MQTT,dim_alert,motion detected,E2
interaction,,,,,2026-01-16 00:05:08,,E2,W1,MQTT,dim_alert,motion detected,E2
interaction,,,,,2026-01-16 00:05:10,,E2,E1,MQTT,dim_alert,motion detected,E1
actuator,,E1_light,dim,,2026-01-16 00:05:12,E1,,,,,,
interaction,,,,,2026-01-16 00:05:13,,E2,W1,MQTT,dim_alert,motion detected,W1
sensor,E1_motion,,motion_detected,1,2026-01-16 02:00:00,E1,,,,,,
sensor,E1_camera,,plate_captured,BBB227,2026-01-16 02:00:02,E1,,,,,,
actuator,,E1_light,turn_on,,2026-01-16 02:00:06,E1,,,,,,
interaction,,,,,2026-01-16 02:00:08,,E1,E2,MQTT,turn_on_alert,motion detected,E1
interaction,,,,,2026-01-16 02:00:09,,E1,W1,MQTT,turn_on_alert,motion detected,E1
interaction,,,,,2026-01-16 02:00:12,,E1,W1,MQTT,turn_on_alert,motion detected,W1
actuator,,W1_light,turn_on,,2026-01-16 02:00:13,W1,,,,,,
interaction,,,,,2026-01-16 02:00:14,,E1,E2,MQTT,turn_on_alert,motion detected,E2
actuator,,E2_light,turn_on,,2026-01-16 02:00:15,E2,,,,,,
sensor,E2_motion,,motion_detected,1,2026-01-16 02:05:00,E2,,,,,,
sensor,E2_camera,,plate_captured,BBB227,2026-01-16 02:05:03,E2,,,,,,
actuator,,E2_light,dim,,2026-01-16 02:05:06,E2,,,,,,
interaction,,,,,2026-01-16 02:05:09,,E2,E1,MQTT,dim_alert,motion detected,E2
interaction,,,,,2026-01-16 02:05:12,,E2,W1,MQTT,dim_alert,motion detected,E2
interaction,,,,,2026-01-16 02:05:16,,E2,W1,MQTT,dim_alert,motion detected,W1
actuator,,W1_light,dim,,2026-01-16 02:05:17,W1,,,,,,
interaction,,,,,2026-01-16 02:05:20,,E2,E1,MQTT,dim_alert,motion detected,E1
actuator,,E1_light,dim,,2026-01-16 02:05:21,E1,,,,,,
sensor,E1_motion,,motion_detected,1,2026-01-16 04:00:00,E1,,,,,,
sensor,E1_camera,,plate_captured,BBB228,2026-01-16 04:00:03,E1,,,,,,
actuator,,E1_light,turn_on,,2026-01-16 04:00:06,E1,,,,,,
interaction,,,,,2026-01-16 04:00:09,,E1,E2,MQTT,turn_on_alert,motion detected,E1
interaction,,,,,2026-01-16 04:00:11,,E1,W1,MQTT,turn_on_alert,motion detected,E1
interaction,,,,,2026-01-16 04:00:13,,E1,E2,MQTT,turn_on_alert,motion detected,E2
actuator,,E2_light,turn_on,,2026-01-16 04:00:15,E2,,,,,,
interaction,,,,,2026-01-16 04:00:16,,E1,W1,MQTT,turn_on_alert,motion detected,W1
actuator,,W1_light,turn_on,,2026-01-16 04:00:17,W1,,,,,,
sensor,E2_motion,,motion_detected,1,2026-01-16 04:05:00,E2,,,,,,
interaction,,,,,2026-01-16 04:05:08,,E2,W1,MQTT,dim_alert,motion detected,E2
interaction,,,,,2026-01-16 04:05:11,,E2,E1,MQTT,dim_alert,motion detected,E1
actuator,,E1_light,dim,,2026-01-16 04:05:14,E1,,,,,,
interaction,,,,,2026-01-16 04:05:17,,E2,W1,MQTT,dim_alert,motion detected,W1
actuator,,W1_light,dim,,2026-01-16 04:05:18,W1,,,,,,
sensor,E1_motion,,motion_detected,1,2026-01-16 06:00:00,E1,,,,,,
sensor,E1_camera,,plate_captured,BBB229,2026-01-16 06:00:01,E1,,,,,,
actuator,,E1_light,turn_on,,2026-01-16 06:00:03,E1,,,,,,
interaction,,,,,2026-01-16 06:00:07,,E1,E2,MQTT,turn_on_alert,motion detected,E1
interaction,,,,,2026-01-16 06:00:11,,E1,W1,MQTT,turn_on_alert,motion detected,W1
actuator,,W1_light,turn_on,,2026-01-16 06:00:12,W1,,,,,,
interaction,,,,,2026-01-16 06:00:13,,E1,E2,MQTT,turn_on_alert,motion detected,E2
sensor,E2_motion,,motion_detected,1,2026-01-16 06:05:00,E2,,,,,,
actuator,,E2_light,dim,,2026-01-16 06:05:03,E2,,,,,,
interaction,,,,,2026-01-16 06:05:04,,E2,E1,MQTT,dim_alert,motion detected,E2
interaction,,,,,2026-01-16 06:05:07,,E2,W1,MQTT,dim_alert,motion detected,E2
interaction,,,,,2026-01-16 06:05:10,,E2,W1,MQTT,dim_alert,motion detected,W1
interaction,,,,,2026-01-16 06:05:15,,E2,E1,MQTT,dim_alert,motion detected,E1
actuator,,E1_light,dim,,2026-01-16 06:05:16,E1,,,,,,
sensor,E1_motion,,motion_detected,1,2026-01-16 08:00:00,E1,,,,,,
sensor,E1_camera,,plate_captured,BBB230,2026-01-16 08:00:03,E1,,,,,,
actuator,,E1_light,turn_on,,2026-01-16 08:00:07,E1,,,,,,
interaction,,,,,2026-01-16 08:00:08,,E1,E2,MQTT,turn_on_alert,motion detected,E1
interaction,,,,,2026-01-16 08:00:10,,E1,W1,MQTT,turn_on_alert,motion detected,E1
interaction,,,,,2026-01-16 08:00:14,,E1,E2,MQTT,turn_on_alert,motion detected,E2
actuator,,E2_light,turn_on,,2026-01-16 08:00:18,E2,,,,,,
interaction,,,,,2026-01-16 08:00:22,,E1,W1,MQTT,turn_on_alert,motion detected,W1
actuator,,W1_light,turn_on,,2026-01-16 08:00:25,W1,,,,,,
sensor,E2_motion,,motion_detected,1,2026-01-16 08:05:00,E2,,,,,,
sensor,E2_camera,,plate_captured,BBB230,2026-01-16 08:05:02,E2,,,,,,
actuator,,E2_light,dim,,2026-01-16 08:05:06,E2,,,,,,
interaction,,,,,2026-01-16 08:05:12,,E2,W1,MQTT,dim_alert,motion detected,E2
interaction,,,,,2026-01-16 08:05:15,,E2,E1,MQTT,dim_alert,motion detected,E1
actuator,,E1_light,dim,,2026-01-16 08:05:16,E1,,,,,,
interaction,,,,,2026-01-16 08:05:19,,E2,W1,MQTT,dim_alert,motion detected,W1
actuator,,W1_light,dim,,2026-01-16 08:05:22,W1,,,,,,
sensor,E1_motion,,motion_detected,1,2026-01-16 10:00:00,E1,,,,,,
sensor,E1_camera,,plate_captured,BBB231,2026-01-16 10:00:03,E1,,,,,,
actuator,,E1_light,turn_on,,2026-01-16 10:00:07,E1,,,,,,
interaction,,,,,2026-01-16 10:00:09,,E1,E2,MQTT,turn_on_alert,motion detected,E1
interaction,,,,,2026-01-16 10:00:11,,E1,W1,MQTT,turn_on_alert,motion detected,E1
interaction,,,,,2026-01-16 10:00:15,,E1,W1,MQTT,turn_on_alert,motion detected,W1
actuator,,W1_light,turn_on,,2026-01-16 10:00:16,W1,,,,,,
interaction,,,,,2026-01-16 10:00:17,,E1,E2,MQTT,turn_on_alert,motion detected,E2
actuator,,E2_light,turn_on,,2026-01-16 10:00:20,E2,,,,,,
sensor,E2_motion,,motion_detected,1,2026-01-16 10:05:00,E2,,,,,,
sensor,E2_camera,,plate_captured,BBB231,2026-01-16 10:05:04,E2,,,,,,
actuator,,E2_light,dim,,2026-01-16 10:05:08,E2,,,,,,
interaction,,,,,2026-01-16 10:05:12,,E2,E1,MQTT,dim_alert,motion detected,E2
interaction,,,,,2026-01-16 10:05:13,,E2,W1,MQTT,dim_alert,motion detected,E2
interaction,,,,,2026-01-16 10:05:14,,E2,W1,MQTT,dim_alert,motion detected,W1
actuator,,W1_light,dim,,2026-01-16 10:05:16,W1,,,,,,
actuator,,E1_light,dim,,2026-01-16 10:05:21,E1,,,,,,
sensor,E1_motion,,motion_detected,1,2026-01-16 12:00:00,E1,,,,,,
sensor,E1_camera,,plate_captured,BBB232,2026-01-16 12:00:02,E1,,,,,,
actuator,,E1_light,turn_on,,2026-01-16 12:00:04,E1,,,,,,
interaction,,,,,2026-01-16 12:00:05,,E1,E2,MQTT,turn_on_alert,motion detected,E1
interaction,,,,,2026-01-16 12:00:08,,E1,W1,MQTT,turn_on_alert,motion detected,E1
interaction,,,,,2026-01-16 12:00:09,,E1,E2,MQTT,turn_on_alert,motion detected,E2
actuator,,E2_light,turn_on,,2026-01-16 12:00:11,E2,,,,,,
interaction,,,,,2026-01-16 12:00:13,,E1,W1,MQTT,turn_on_alert,motion detected,W1
actuator,,W1_light,turn_on,,2026-01-16 12:00:16,W1,,,,,,
sensor,E2_motion,,motion_detected,1,2026-01-16 12:05:00,E2,,,,,,
interaction,,,,,2026-01-16 12:05:04,,E2,E1,MQTT,dim_alert,motion detected,E2
interaction,,,,,2026-01-16 12:05:07,,E2,W1,MQTT,dim_alert,motion detected,E2
interaction,,,,,2026-01-16 12:05:08,,E2,E1,MQTT,dim_alert,motion detected,E1
actuator,,E1_light,dim,,2026-01-16 12:05:12,E1,,,,,,
interaction,,,,,2026-01-16 12:05:13,,E2,W1,MQTT,dim_alert,motion detected,W1
sensor,E1_motion,,motion_detected,1,2026-01-16 14:00:00,E1,,,,,,
sensor,E1_camera,,plate_captured,BBB233,2026-01-16 14:00:04,E1,,,,,,
actuator,,E1_light,turn_on,,2026-01-16 14:00:06,E1,,,,,,
interaction,,,,,2026-01-16 14:00:07,,E1,E2,MQTT,turn_on_alert,motion detected,E1
interaction,,,,,2026-01-16 14:00:09,,E1,W1,MQTT,turn_on_alert,motion detected,E1
interaction,,,,,2026-01-16 14:00:10,,E1,W1,MQTT,turn_on_alert,motion detected,W1
actuator,,W1_light,turn_on,,2026-01-16 14:00:12,W1,,,,,,
interaction,,,,,2026-01-16 14:00:13,,E1,E2,MQTT,turn_on_alert,motion detected,E2
actuator,,E2_light,turn_on,,2026-01-16 14:00:17,E2,,,,,,
sensor,E2_motion,,motion_detected,1,2026-01-16 14:05:00,E2,,,,,,
sensor,E2_camera,,plate_captured,BBB233,2026-01-16 14:05:01,E2,,,,,,
actuator,,E2_light,dim,,2026-01-16 14:05:03,E2,,,,,,
interaction,,,,,2026-01-16 14:05:05,,E2,E1,MQTT,dim_alert,motion detected,E2
interaction,,,,,2026-01-16 14:05:09,,E2,W1,MQTT,dim_alert,motion detected,E2
actuator,,W1_light,dim,,2026-01-16 14:05:14,W1,,,,,,
interaction,,,,,2026-01-16 14:05:18,,E2,E1,MQTT,dim_alert,motion detected,E1
actuator,,E1_light,dim,,2026-01-16 14:05:20,E1,,,,,,
sensor,E1_motion,,motion_detected,1,2026-01-16 16:00:00,E1,,,,,,
sensor,E1_camera,,plate_captured,BBB234,2026-01-16 16:00:03,E1,,,,,,
actuator,,E1_light,turn_on,,2026-01-16 16:00:07,E1,,,,,,
interaction,,,,,2026-01-16 16:00:09,,E1,E2,MQTT,turn_on_alert,motion detected,E1
interaction,,,,,2026-01-16 16:00:13,,E1,W1,MQTT,turn_on_alert,motion detected,E1
interaction,,,,,2026-01-16 16:00:17,,E1,E2,MQTT,turn_on_alert,motion detected,E2
actuator,,E2_light,turn_on,,2026-01-16 16:00:21,E2,,,,,,
sensor,E2_motion,,motion_detected,1,2026-01-16 16:05:00,E2,,,,,,
sensor,E2_camera,,plate_captured,BBB234,2026-01-16 16:05:02,E2,,,,,,
actuator,,E2_light,dim,,2026-01-16 16:05:03,E2,,,,,,
interaction,,,,,2026-01-16 16:05:06,,E2,E1,MQTT,dim_alert,motion detected,E2
interaction,,,,,2026-01-16 16:05:11,,E2,E1,MQTT,dim_alert,motion detected,E1
actuator,,E1_light,dim,,2026-01-16 16:05:14,E1,,,,,,
interaction,,,,,2026-01-16 16:05:16,,E2,W1,MQTT,dim_alert,motion detected,W1
actuator,,W1_light,dim,,2026-01-16 16:05:18,W1,,,,,,
sensor,E1_motion,,motion_detected,1,2026-01-16 18:00:00,E1,,,,,,
sensor,E1_camera,,plate_captured,BBB235,2026-01-16 18:00:01,E1,,,,,,
actuator,,E1_light,turn_on,,2026-01-16 18:00:03,E1,,,,,,
interaction,,,,,2026-01-16 18:00:09,,E1,W1,MQTT,turn_on_alert,motion detected,E1
interaction,,,,,2026-01-16 18:00:10,,E1,W1,MQTT,turn_on_alert,motion detected,W1
actuator,,W1_light,turn_on,,2026-01-16 18:00:14,W1,,,,,,
interaction,,,,,2026-01-16 18:00:17,,E1,E2,MQTT,turn_on_alert,motion detected,E2
actuator,,E2_light,turn_on,,2026-01-16 18:00:19,E2,,,,,,
sensor,E2_motion,,motion_detected,1,2026-01-16 18:05:00,E2,,,,,,
sensor,E2_camera,,plate_captured,BBB235,2026-01-16 18:05:01,E2,,,,,,
interaction,,,,,2026-01-16 18:05:06,,E2,W1,MQTT,dim_alert,motion detected,E2
interaction,,,,,2026-01-16 18:05:08,,E2,W1,MQTT,dim_alert,motion detected,W1
actuator,,W1_light,dim,,2026-01-16 18:05:12,W1,,,,,,
interaction,,,,,2026-01-16 18:05:14,,E2,E1,MQTT,dim_alert,motion detected,E1
sensor,E1_camera,,plate_captured,BBB236,2026-01-16 20:00:02,E1,,,,,,
actuator,,E1_light,turn_on,,2026-01-16 20:00:04,E1,,,,,,
interaction,,,,,2026-01-16 20:00:07,,E1,E2,MQTT,turn_on_alert,motion detected,E1
interaction,,,,,2026-01-16 20:00:08,,E1,W1,MQTT,turn_on_alert,motion detected,E1
interaction,,,,,2026-01-16 20:00:10,,E1,E2,MQTT,turn_on_alert,motion detected,E2
actuator,,E2_light,turn_on,,2026-01-16 20:00:11,E2,,,,,,
interaction,,,,,2026-01-16 20:00:15,,E1,W1,MQTT,turn_on_alert,motion detected,W1
actuator,,W1_light,turn_on,,2026-01-16 20:00:17,W1,,,,,,
sensor,E2_motion,,motion_detected,1,2026-01-16 20:05:00,E2,,,,,,
sensor,E2_camera,,plate_captured,BBB236,2026-01-16 20:05:01,E2,,,,,,
actuator,,E2_light,dim,,2026-01-16 20:05:05,E2,,,,,,
interaction,,,,,2026-01-16 20:05:08,,E2,E1,MQTT,dim_alert,motion detected,E2
interaction,,,,,2026-01-16 20:05:12,,E2,W1,MQTT,dim_alert,motion detected,E2
interaction,,,,,2026-01-16 20:05:15,,E2,E1,MQTT,dim_alert,motion detected,E1
actuator,,E1_light,dim,,2026-01-16 20:05:16,E1,,,,,,
interaction,,,,,2026-01-16 20:05:18,,E2,W1,MQTT,dim_alert,motion detected,W1
actuator,,W1_light,dim,,2026-01-16 20:05:21,W1,,,,,,
sensor,E1_motion,,motion_detected,1,2026-01-16 22:00:00,E1,,,,,,
sensor,E1_camera,,plate_captured,BBB237,2026-01-16 22:00:04,E1,,,,,,
actuator,,E1_light,turn_on,,2026-01-16 22:00:06,E1,,,,,,
interaction,,,,,2026-01-16 22:00:07,,E1,E2,MQTT,turn_on_alert,motion detected,E1
interaction,,,,,2026-01-16 22:00:08,,E1,W1,MQTT,turn_on_alert,motion detected,E1
interaction,,,,,2026-01-16 22:00:10,,E1,W1,MQTT,turn_on_alert,motion detected,W1
actuator,,W1_light,turn_on,,2026-01-16 22:00:13,W1,,,,,,
interaction,,,,,2026-01-16 22:00:17,,E1,E2,MQTT,turn_on_alert,motion detected,E2
actuator,,E2_light,turn_on,,2026-01-16 22:00:20,E2,,,,,,
sensor,E2_motion,,motion_detected,1,2026-01-16 22:05:00,E2,,,,,,
sensor,E2_camera,,plate_captured,BBB237,2026-01-16 22:05:04,E2,,,,,,
actuator,,E2_light,dim,,2026-01-16 22:05:08,E2,,,,,,
interaction,,,,,2026-01-16 22:05:10,,E2,E1,MQTT,dim_alert,motion detected,E2
interaction,,,,,2026-01-16 22:05:14,,E2,W1,MQTT,dim_alert,motion detected,E2
interaction,,,,,2026-01-16 22:05:17,,E2,W1,MQTT,dim_alert,motion detected,W1
actuator,,W1_light,dim,,2026-01-16 22:05:21,W1,,,,,,
interaction,,,,,2026-01-16 22:05:22,,E2,E1,MQTT,dim_alert,motion detected,E1
actuator,,E1_light,dim,,2026-01-16 22:05:25,E1,,,,,,
sensor,E1_camera,,plate_captured,BBB238,2026-01-17 00:00:03,E1,,,,,,
actuator,,E1_light,turn_on,,2026-01-17 00:00:05,E1,,,,,,
interaction,,,,,2026-01-17 00:00:09,,E1,E2,MQTT,turn_on_alert,motion detected,E1
interaction,,,,,2026-01-17 00:00:10,,E1,W1,MQTT,turn_on_alert,motion detected,E1
interaction,,,,,2026-01-17 00:00:11,,E1,E2,MQTT,turn_on_alert,motion detected,E2
actuator,,E2_light,turn_on,,2026-01-17 00:00:12,E2,,,,,,
interaction,,,,,2026-01-17 00:00:13,,E1,W1,MQTT,turn_on_alert,motion detected,W1
sensor,E2_camera,,plate_captured,BBB238,2026-01-17 00:05:02,E2,,,,,,
actuator,,E2_light,dim,,2026-01-17 00:05:04,E2,,,,,,
interaction,,,,,2026-01-17 00:05:06,,E2,E1,MQTT,dim_alert,motion detected,E2
interaction,,,,,2026-01-17 00:05:10,,E2,E1,MQTT,dim_alert,motion detected,E1
actuator,,E1_light,dim,,2026-01-17 00:05:14,E1,,,,,,
interaction,,,,,2026-01-17 00:05:18,,E2,W1,MQTT,dim_alert,motion detected,W1
actuator,,W1_light,dim,,2026-01-17 00:05:20,W1,,,,,,
sensor,E1_motion,,motion_detected,1,2026-01-17 02:00:00,E1,,,,,,
sensor,E1_camera,,plate_captured,BBB239,2026-01-17 02:00:02,E1,,,,,,
actuator,,E1_light,turn_on,,2026-01-17 02:00:03,E1,,,,,,
interaction,,,,,2026-01-17 02:00:07,,E1,E2,MQTT,turn_on_alert,motion detected,E1
interaction,,,,,2026-01-17 02:00:09,,E1,W1,MQTT,turn_on_alert,motion detected,E1
interaction,,,,,2026-01-17 02:00:10,,E1,W1,MQTT,turn_on_alert,motion detected,W1
actuator,,W1_light,turn_on,,2026-01-17 02:00:12,W1,,,,,,
interaction,,,,,2026-01-17 02:00:15,,E1,E2,MQTT,turn_on_alert,motion detected,E2
actuator,,E2_light,turn_on,,2026-01-17 02:00:16,E2,,,,,,
sensor,E2_motion,,motion_detected,1,2026-01-17 02:05:00,E2,,,,,,
sensor,E2_camera,,plate_captured,BBB239,2026-01-17 02:05:04,E2,,,,,,
actuator,,E2_light,dim,,2026-01-17 02:05:08,E2,,,,,,
interaction,,,,,2026-01-17 02:05:10,,E2,E1,MQTT,dim_alert,motion detected,E2
interaction,,,,,2026-01-17 02:05:11,,E2,W1,MQTT,dim_alert,motion detected,E2
interaction,,,,,2026-01-17 02:05:14,,E2,W1,MQTT,dim_alert,motion detected,W1
actuator,,W1_light,dim,,2026-01-17 02:05:15,W1,,,,,,
interaction,,,,,2026-01-17 02:05:17,,E2,E1,MQTT,dim_alert,motion detected,E1
actuator,,E1_light,dim,,2026-01-17 02:05:19,E1,,,,,,
sensor,E1_camera,,plate_captured,BBB240,2026-01-17 04:00:04,E1,,,,,,
actuator,,E1_light,turn_on,,2026-01-17 04:00:06,E1,,,,,,
interaction,,,,,2026-01-17 04:00:08,,E1,E2,MQTT,turn_on_alert,motion detected,E1
interaction,,,,,2026-01-17 04:00:09,,E1,W1,MQTT,turn_on_alert,motion detected,E1
interaction,,,,,2026-01-17 04:00:13,,E1,E2,MQTT,turn_on_alert,motion detected,E2
actuator,,E2_light,turn_on,,2026-01-17 04:00:15,E2,,,,,,
interaction,,,,,2026-01-17 04:00:18,,E1,W1,MQTT,turn_on_alert,motion detected,W1
actuator,,W1_light,turn_on,,2026-01-17 04:00:19,W1,,,,,,
sensor,E2_camera,,plate_captured,BBB240,2026-01-17 04:05:03,E2,,,,,,
actuator,,E2_light,dim,,2026-01-17 04:05:07,E2,,,,,,
interaction,,,,,2026-01-17 04:05:11,,E2,E1,MQTT,dim_alert,motion detected,E2
interaction,,,,,2026-01-17 04:05:15,,E2,W1,MQTT,dim_alert,motion detected,E2
interaction,,,,,2026-01-17 04:05:16,,E2,E1,MQTT,dim_alert,motion detected,E1
interaction,,,,,2026-01-17 04:05:20,,E2,W1,MQTT,dim_alert,motion detected,W1
actuator,,W1_light,dim,,2026-01-17 04:05:24,W1,,,,,,
sensor,E1_motion,,motion_detected,1,2026-01-17 06:00:00,E1,,,,,,
actuator,,E1_light,turn_on,,2026-01-17 06:00:07,E1,,,,,,
interaction,,,,,2026-01-17 06:00:10,,E1,E2,MQTT,turn_on_alert,motion detected,E1
interaction,,,,,2026-01-17 06:00:11,,E1,W1,MQTT,turn_on_alert,motion detected,E1
interaction,,,,,2026-01-17 06:00:13,,E1,W1,MQTT,turn_on_alert,motion detected,W1
actuator,,W1_light,turn_on,,2026-01-17 06:00:15,W1,,,,,,
interaction,,,,,2026-01-17 06:00:17,,E1,E2,MQTT,turn_on_alert,motion detected,E2
actuator,,E2_light,turn_on,,2026-01-17 06:00:20,E2,,,,,,
sensor,E2_motion,,motion_detected,1,2026-01-17 06:05:00,E2,,,,,,
sensor,E2_camera,,plate_captured,BBB241,2026-01-17 06:05:03,E2,,,,,,
actuator,,E2_light,dim,,2026-01-17 06:05:06,E2,,,,,,
interaction,,,,,2026-01-17 06:05:08,,E2,E1,MQTT,dim_alert,motion detected,E2
interaction,,,,,2026-01-17 06:05:12,,E2,W1,MQTT,dim_alert,motion detected,E2
interaction,,,,,2026-01-17 06:05:16,,E2,W1,MQTT,dim_alert,motion detected,W1
actuator,,W1_light,dim,,2026-01-17 06:05:20,W1,,,,,,
interaction,,,,,2026-01-17 06:05:24,,E2,E1,MQTT,dim_alert,motion detected,E1
actuator,,E1_light,dim,,2026-01-17 06:05:28,E1,,,,,,
sensor,E1_motion,,motion_detected,1,2026-01-17 08:00:00,E1,,,,,,
sensor,E1_camera,,plate_captured,BBB242,2026-01-17 08:00:04,E1,,,,,,
actuator,,E1_light,turn_on,,2026-01-17 08:00:06,E1,,,,,,
interaction,,,,,2026-01-17 08:00:07,,E1,E2,MQTT,turn_on_alert,motion detected,E1
interaction,,,,,2026-01-17 08:00:11,,E1,W1,MQTT,turn_on_alert,motion detected,E1
actuator,,E2_light,turn_on,,2026-01-17 08:00:16,E2,,,,,,
interaction,,,,,2026-01-17 08:00:18,,E1,W1,MQTT,turn_on_alert,motion detected,W1
actuator,,W1_light,turn_on,,2026-01-17 08:00:21,W1,,,,,,
sensor,E2_motion,,motion_detected,1,2026-01-17 08:05:00,E2,,,,,,
sensor,E2_camera,,plate_captured,BBB242,2026-01-17 08:05:02,E2,,,,,,
actuator,,E2_light,dim,,2026-01-17 08:05:06,E2,,,,,,
interaction,,,,,2026-01-17 08:05:09,,E2,E1,MQTT,dim_alert,motion detected,E2
interaction,,,,,2026-01-17 08:05:11,,E2,W1,MQTT,dim_alert,motion detected,E2
interaction,,,,,2026-01-17 08:05:13,,E2,E1,MQTT,dim_alert,motion detected,E1
actuator,,E1_light,dim,,2026-01-17 08:05:16,E1,,,,,,
interaction,,,,,2026-01-17 08:05:20,,E2,W1,MQTT,dim_alert,motion detected,W1
actuator,,W1_light,dim,,2026-01-17 08:05:24,W1,,,,,,
sensor,E1_motion,,motion_detected,1,2026-01-17 10:00:00,E1,,,,,,
sensor,E1_camera,,plate_captured,BBB243,2026-01-17 10:00:04,E1,,,,,,
actuator,,E1_light,turn_on,,2026-01-17 10:00:06,E1,,,,,,
interaction,,,,,2026-01-17 10:00:10,,E1,E2,MQTT,turn_on_alert,motion detected,E1
interaction,,,,,2026-01-17 10:00:12,,E1,W1,MQTT,turn_on_alert,motion detected,E1
interaction,,,,,2026-01-17 10:00:13,,E1,W1,MQTT,turn_on_alert,motion detected,W1
actuator,,W1_light,turn_on,,2026-01-17 10:00:17,W1,,,,,,
interaction,,,,,2026-01-17 10:00:19,,E1,E2,MQTT,turn_on_alert,motion detected,E2
actuator,,E2_light,turn_on,,2026-01-17 10:00:21,E2,,,,,,
sensor,E2_motion,,motion_detected,1,2026-01-17 10:05:00,E2,,,,,,
sensor,E2_camera,,plate_captured,BBB243,2026-01-17 10:05:04,E2,,,,,,
actuator,,E2_light,dim,,2026-01-17 10:05:07,E2,,,,,,
interaction,,,,,2026-01-17 10:05:08,,E2,E1,MQTT,dim_alert,motion detected,E2
interaction,,,,,2026-01-17 10:05:13,,E2,W1,MQTT,dim_alert,motion detected,W1
actuator,,W1_light,dim,,2026-01-17 10:05:16,W1,,,,,,
interaction,,,,,2026-01-17 10:05:20,,E2,E1,MQTT,dim_alert,motion detected,E1
actuator,,E1_light,dim,,2026-01-17 10:05:23,E1,,,,,,
sensor,E1_motion,,motion_detected,1,2026-01-17 12:00:00,E1,,,,,,
sensor,E1_camera,,plate_captured,BBB244,2026-01-17 12:00:04,E1,,,,,,
actuator,,E1_light,turn_on,,2026-01-17 12:00:05,E1,,,,,,
interaction,,,,,2026-01-17 12:00:09,,E1,E2,MQTT,turn_on_alert,motion detected,E1
interaction,,,,,2026-01-17 12:00:10,,E1,W1,MQTT,turn_on_alert,motion detected,E1
interaction,,,,,2026-01-17 12:00:14,,E1,E2,MQTT,turn_on_alert,motion detected,E2
interaction,,,,,2026-01-17 12:00:18,,E1,W1,MQTT,turn_on_alert,motion detected,W1
actuator,,W1_light,turn_on,,2026-01-17 12:00:19,W1,,,,,,
sensor,E2_motion,,motion_detected,1,2026-01-17 12:05:00,E2,,,,,,
sensor,E2_camera,,plate_captured,BBB244,2026-01-17 12:05:03,E2,,,,,,
interaction,,,,,2026-01-17 12:05:09,,E2,E1,MQTT,dim_alert,motion detected,E2
interaction,,,,,2026-01-17 12:05:12,,E2,W1,MQTT,dim_alert,motion detected,E2
interaction,,,,,2026-01-17 12:05:13,,E2,E1,MQTT,dim_alert,motion detected,E1
actuator,,E1_light,dim,,2026-01-17 12:05:15,E1,,,,,,
interaction,,,,,2026-01-17 12:05:16,,E2,W1,MQTT,dim_alert,motion detected,W1
actuator,,W1_light,dim,,2026-01-17 12:05:19,W1,,,,,,
sensor,E1_motion,,motion_detected,1,2026-01-17 14:00:00,E1,,,,,,
sensor,E1_camera,,plate_captured,BBB245,2026-01-17 14:00:03,E1,,,,,,
interaction,,,,,2026-01-17 14:00:09,,E1,E2,MQTT,turn_on_alert,motion detected,E1
interaction,,,,,2026-01-17 14:00:11,,E1,W1,MQTT,turn_on_alert,motion detected,E1
interaction,,,,,2026-01-17 14:00:13,,E1,W1,MQTT,turn_on_alert,motion detected,W1
actuator,,W1_light,turn_on,,2026-01-17 14:00:17,W1,,,,,,
interaction,,,,,2026-01-17 14:00:18,,E1,E2,MQTT,turn_on_alert,motion detected,E2
actuator,,E2_light,turn_on,,2026-01-17 14:00:19,E2,,,,,,
sensor,E2_motion,,motion_detected,1,2026-01-17 14:05:00,E2,,,,,,
sensor,E2_camera,,plate_captured,BBB245,2026-01-17 14:05:04,E2,,,,,,
actuator,,E2_light,dim,,2026-01-17 14:05:06,E2,,,,,,
interaction,,,,,2026-01-17 14:05:07,,E2,E1,MQTT,dim_alert,motion detected,E2
interaction,,,,,2026-01-17 14:05:09,,E2,W1,MQTT,dim_alert,motion detected,E2
interaction,,,,,2026-01-17 14:05:13,,E2,W1,MQTT,dim_alert,motion detected,W1
actuator,,W1_light,dim,,2026-01-17 14:05:16,W1,,,,,,
interaction,,,,,2026-01-17 14:05:19,,E2,E1,MQTT,dim_alert,motion detected,E1
actuator,,E1_light,dim,,2026-01-17 14:05:21,E1,,,,,,
sensor,E1_motion,,motion_detected,1,2026-01-17 16:00:00,E1,,,,,,
sensor,E1_camera,,plate_captured,BBB246,2026-01-17 16:00:01,E1,,,,,,
actuator,,E1_light,turn_on,,2026-01-17 16:00:02,E1,,,,,,
interaction,,,,,2026-01-17 16:00:06,,E1,E2,MQTT,turn_on_alert,motion detected,E1
interaction,,,,,2026-01-17 16:00:07,,E1,W1,MQTT,turn_on_alert,motion detected,E1
interaction,,,,,2026-01-17 16:00:11,,E1,E2,MQTT,turn_on_alert,motion detected,E2
actuator,,E2_light,turn_on,,2026-01-17 16:00:13,E2,,,,,,
actuator,,W1_light,turn_on,,2026-01-17 16:00:16,W1,,,,,,
sensor,E2_motion,,motion_detected,1,2026-01-17 16:05:00,E2,,,,,,
actuator,,E2_light,dim,,2026-01-17 16:05:02,E2,,,,,,
interaction,,,,,2026-01-17 16:05:06,,E2,E1,MQTT,dim_alert,motion detected,E2
interaction,,,,,2026-01-17 16:05:08,,E2,W1,MQTT,dim_alert,motion detected,E2
interaction,,,,,2026-01-17 16:05:09,,E2,E1,MQTT,dim_alert,motion detected,E1
actuator,,E1_light,dim,,2026-01-17 16:05:12,E1,,,,,,
interaction,,,,,2026-01-17 16:05:15,,E2,W1,MQTT,dim_alert,motion detected,W1
actuator,,W1_light,dim,,2026-01-17 16:05:19,W1,,,,,,
sensor,E1_motion,,motion_detected,1,2026-01-17 18:00:00,E1,,,,,,
sensor,E1_camera,,plate_captured,BBB247,2026-01-17 18:00:02,E1,,,,,,
actuator,,E1_light,turn_on,,2026-01-17 18:00:03,E1,,,,,,
interaction,,,,,2026-01-17 18:00:05,,E1,E2,MQTT,turn_on_alert,motion detected,E1
interaction,,,,,2026-01-17 18:00:08,,E1,W1,MQTT,turn_on_alert,motion detected,E1
interaction,,,,,2026-01-17 18:00:09,,E1,W1,MQTT,turn_on_alert,motion detected,W1
actuator,,W1_light,turn_on,,2026-01-17 18:00:13,W1,,,,,,
interaction,,,,,2026-01-17 18:00:16,,E1,E2,MQTT,turn_on_alert,motion detected,E2
actuator,,E2_light,turn_on,,2026-01-17 18:00:18,E2,,,,,,
sensor,E2_motion,,motion_detected,1,2026-01-17 18:05:00,E2,,,,,,
sensor,E2_camera,,plate_captured,BBB247,2026-01-17 18:05:01,E2,,,,,,
actuator,,E2_light,dim,,2026-01-17 18:05:04,E2,,,,,,
interaction,,,,,2026-01-17 18:05:06,,E2,E1,MQTT,dim_alert,motion detected,E2
interaction,,,,,2026-01-17 18:05:10,,E2,W1,MQTT,dim_alert,motion detected,E2
interaction,,,,,2026-01-17 18:05:12,,E2,W1,MQTT,dim_alert,motion detected,W1
actuator,,W1_light,dim,,2026-01-17 18:05:15,W1,,,,,,
interaction,,,,,2026-01-17 18:05:16,,E2,E1,MQTT,dim_alert,motion detected,E1
actuator,,E1_light,dim,,2026-01-17 18:05:17,E1,,,,,,
sensor,E1_motion,,motion_detected,1,2026-01-17 20:00:00,E1,,,,,,
sensor,E1_camera,,plate_captured,BBB248,2026-01-17 20:00:03,E1,,,,,,
actuator,,E1_light,turn_on,,2026-01-17 20:00:06,E1,,,,,,
interaction,,,,,2026-01-17 20:00:08,,E1,E2,MQTT,turn_on_alert,motion detected,E1
interaction,,,,,2026-01-17 20:00:10,,E1,W1,MQTT,turn_on_alert,motion detected,E1
interaction,,,,,2026-01-17 20:00:11,,E1,E2,MQTT,turn_on_alert,motion detected,E2
actuator,,E2_light,turn_on,,2026-01-17 20:00:12,E2,,,,,,
interaction,,,,,2026-01-17 20:00:14,,E1,W1,MQTT,turn_on_alert,motion detected,W1
actuator,,W1_light,turn_on,,2026-01-17 20:00:17,W1,,,,,,
sensor,E2_motion,,motion_detected,1,2026-01-17 20:05:00,E2,,,,,,
sensor,E2_camera,,plate_captured,BBB248,2026-01-17 20:05:02,E2,,,,,,
actuator,,E2_light,dim,,2026-01-17 20:05:04,E2,,,,,,
interaction,,,,,2026-01-17 20:05:08,,E2,E1,MQTT,dim_alert,motion detected,E2
interaction,,,,,2026-01-17 20:05:10,,E2,W1,MQTT,dim_alert,motion detected,E2
interaction,,,,,2026-01-17 20:05:14,,E2,E1,MQTT,dim_alert,motion detected,E1
actuator,,E1_light,dim,,2026-01-17 20:05:16,E1,,,,,,
interaction,,,,,2026-01-17 20:05:19,,E2,W1,MQTT,dim_alert,motion detected,W1
actuator,,W1_light,dim,,2026-01-17 20:05:20,W1,,,,,,
sensor,E1_motion,,motion_detected,1,2026-01-17 22:00:00,E1,,,,,,
sensor,E1_camera,,plate_captured,BBB249,2026-01-17 22:00:03,E1,,,,,,
actuator,,E1_light,turn_on,,2026-01-17 22:00:05,E1,,,,,,
interaction,,,,,2026-01-17 22:00:07,,E1,E2,MQTT,turn_on_alert,motion detected,E1
interaction,,,,,2026-01-17 22:00:10,,E1,W1,MQTT,turn_on_alert,motion detected,E1
interaction,,,,,2026-01-17 22:00:12,,E1,W1,MQTT,turn_on_alert,motion detected,W1
actuator,,W1_light,turn_on,,2026-01-17 22:00:15,W1,,,,,,
interaction,,,,,2026-01-17 22:00:18,,E1,E2,MQTT,turn_on_alert,motion detected,E2
actuator,,E2_light,turn_on,,2026-01-17 22:00:22,E2,,,,,,
sensor,E2_motion,,motion_detected,1,2026-01-17 22:05:00,E2,,,,,,
sensor,E2_camera,,plate_captured,BBB249,2026-01-17 22:05:04,E2,,,,,,
interaction,,,,,2026-01-17 22:05:09,,E2,E1,MQTT,dim_alert,motion detected,E2
interaction,,,,,2026-01-17 22:05:13,,E2,W1,MQTT,dim_alert,motion detected,E2
interaction,,,,,2026-01-17 22:05:17,,E2,W1,MQTT,dim_alert,motion detected,W1
actuator,,W1_light,dim,,2026-01-17 22:05:19,W1,,,,,,
interaction,,,,,2026-01-17 22:05:22,,E2,E1,MQTT,dim_alert,motion detected,E1
actuator,,E1_light,dim,,2026-01-17 22:05:26,E1,,,,,,
sensor,E1_camera,,plate_captured,BBB250,2026-01-18 00:00:01,E1,,,,,,
actuator,,E1_light,turn_on,,2026-01-18 00:00:03,E1,,,,,,
interaction,,,,,2026-01-18 00:00:05,,E1,E2,MQTT,turn_on_alert,motion detected,E1
interaction,,,,,2026-01-18 00:00:07,,E1,W1,MQTT,turn_on_alert,motion detected,E1
interaction,,,,,2026-01-18 00:00:10,,E1,E2,MQTT,turn_on_alert,motion detected,E2
actuator,,E2_light,turn_on,,2026-01-18 00:00:14,E2,,,,,,
interaction,,,,,2026-01-18 00:00:18,,E1,W1,MQTT,turn_on_alert,motion detected,W1
actuator,,W1_light,turn_on,,2026-01-18 00:00:20,W1,,,,,,
sensor,E2_motion,,motion_detected,1,2026-01-18 00:05:00,E2,,,,,,
sensor,E2_camera,,plate_captured,BBB250,2026-01-18 00:05:03,E2,,,,,,
actuator,,E2_light,dim,,2026-01-18 00:05:06,E2,,,,,,
interaction,,,,,2026-01-18 00:05:13,,E2,W1,MQTT,dim_alert,motion detected,E2
interaction,,,,,2026-01-18 00:05:17,,E2,E1,MQTT,dim_alert,motion detected,E1
interaction,,,,,2026-01-18 00:05:22,,E2,W1,MQTT,dim_alert,motion detected,W1
actuator,,W1_light,dim,,2026-01-18 00:05:24,W1,,,,,,
