c,a,t,val
1,motion_detected_E1,2026-01-13 18:00:00,1
1,plate_captured_E1,2026-01-13 18:00:03,AAA101
1,turn_on_E1,2026-01-13 18:00:06,
2,E1_turn_on_alert_E2_E1,2026-01-13 18:00:12,
2,E1_turn_on_alert_E2_E2,2026-01-13 18:00:16,
2,turn_on_E2,2026-01-13 18:00:19,
2,E1_turn_on_alert_W1_W1,2026-01-13 18:00:23,
2,turn_on_W1,2026-01-13 18:00:26,
3,motion_detected_E1,2026-01-13 18:00:56,1
3,plate_captured_E1,2026-01-13 18:00:57,AAA102
4,motion_detected_E1,2026-01-13 18:01:26,1
4,plate_captured_E1,2026-01-13 18:01:28,AAA103
5,motion_detected_E1,2026-01-13 18:01:56,1
5,plate_captured_E1,2026-01-13 18:01:59,AAA104
6,motion_detected_E1,2026-01-13 18:02:26,1
6,plate_captured_E1,2026-01-13 18:02:28,AAA105
7,motion_detected_E1,2026-01-13 18:02:56,1
7,plate_captured_E1,2026-01-13 18:02:59,AAA106
8,motion_detected_E1,2026-01-13 18:03:26,1
8,plate_captured_E1,2026-01-13 18:03:28,AAA107
9,motion_detected_E1,2026-01-13 18:03:56,1
9,plate_captured_E1,2026-01-13 18:04:00,AAA108
10,motion_detected_E1,2026-01-13 18:04:26,1
10,plate_captured_E1,2026-01-13 18:04:27,AAA109
11,motion_detected_E1,2026-01-13 18:04:56,1
11,plate_captured_E1,2026-01-13 18:04:58,AAA110
12,motion_detected_E1,2026-01-13 18:05:26,1
12,plate_captured_E1,2026-01-13 18:05:29,AAA111
13,motion_detected_E1,2026-01-13 18:05:56,1
13,plate_captured_E1,2026-01-13 18:05:59,AAA112
14,motion_detected_E1,2026-01-13 18:06:26,1
14,plate_captured_E1,2026-01-13 18:06:27,AAA113
15,motion_detected_E1,2026-01-13 18:06:56,1
15,plate_captured_E1,2026-01-13 18:07:00,AAA114
16,motion_detected_E1,2026-01-13 18:07:26,1
16,plate_captured_E1,2026-01-13 18:07:29,AAA115
17,motion_detected_E1,2026-01-13 18:07:56,1
17,plate_captured_E1,2026-01-13 18:07:58,AAA116
18,motion_detected_E1,2026-01-13 18:08:26,1
19,motion_detected_E1,2026-01-13 18:08:56,1
19,plate_captured_E1,2026-01-13 18:08:57,AAA118
20,motion_detected_E1,2026-01-13 18:09:26,1
20,plate_captured_E1,2026-01-13 18:09:29,AAA119
21,motion_detected_E1,2026-01-13 18:09:56,1
21,plate_captured_E1,2026-01-13 18:09:57,AAA120
22,motion_detected_E1,2026-01-13 18:10:26,1
22,plate_captured_E1,2026-01-13 18:10:30,AAA121
23,motion_detected_E1,2026-01-13 18:10:56,1
23,plate_captured_E1,2026-01-13 18:11:00,AAA122
24,motion_detected_E1,2026-01-13 18:11:26,1
24,plate_captured_E1,2026-01-13 18:11:28,AAA123
25,motion_detected_E1,2026-01-13 18:11:56,1
25,plate_captured_E1,2026-01-13 18:12:00,AAA124
26,motion_detected_E1,2026-01-13 18:12:26,1
26,plate_captured_E1,2026-01-13 18:12:28,AAA125
27,motion_detected_E1,2026-01-13 18:12:56,1
27,plate_captured_E1,2026-01-13 18:12:57,AAA126
28,motion_detected_E1,2026-01-13 18:13:26,1
28,plate_captured_E1,2026-01-13 18:13:29,AAA127
29,motion_detected_E1,2026-01-13 18:13:56,1
29,plate_captured_E1,2026-01-13 18:13:59,AAA128
30,motion_detected_E1,2026-01-13 18:14:26,1
30,plate_captured_E1,2026-01-13 18:14:29,AAA129
31,plate_captured_E1,2026-01-13 18:15:00,AAA130
32,motion_detected_E1,2026-01-13 18:15:26,1
32,plate_captured_E1,2026-01-13 18:15:29,AAA131
33,motion_detected_E1,2026-01-13 18:15:56,1
33,plate_captured_E1,2026-01-13 18:15:57,AAA132
34,motion_detected_E1,2026-01-13 18:16:26,1
34,plate_captured_E1,2026-01-13 18:16:30,AAA133
35,motion_detected_E1,2026-01-13 18:16:56,1
35,plate_captured_E1,2026-01-13 18:16:58,AAA134
36,motion_detected_E1,2026-01-13 18:17:26,1
36,plate_captured_E1,2026-01-13 18:17:27,AAA135
37,motion_detected_E1,2026-01-13 18:17:56,1
37,plate_captured_E1,2026-01-13 18:17:57,AAA136
38,motion_detected_E1,2026-01-13 18:18:26,1
38,plate_captured_E1,2026-01-13 18:18:30,AAA137
39,motion_detected_E1,2026-01-13 18:18:56,1
39,plate_captured_E1,2026-01-13 18:18:57,AAA138
40,motion_detected_E1,2026-01-13 18:19:26,1
40,plate_captured_E1,2026-01-13 18:19:27,AAA139
41,motion_detected_E1,2026-01-13 18:19:56,1
41,plate_captured_E1,2026-01-13 18:19:58,AAA140
42,motion_detected_E1,2026-01-13 18:20:26,1
42,plate_captured_E1,2026-01-13 18:20:27,AAA141
43,motion_detected_E1,2026-01-13 18:20:56,1
43,plate_captured_E1,2026-01-13 18:20:57,AAA142
44,motion_detected_E1,2026-01-13 18:21:26,1
44,plate_captured_E1,2026-01-13 18:21:30,AAA143
45,motion_detected_E1,2026-01-13 18:21:56,1
45,plate_captured_E1,2026-01-13 18:22:00,AAA144
46,motion_detected_E1,2026-01-13 18:22:26,1
46,plate_captured_E1,2026-01-13 18:22:30,AAA145
47,motion_detected_E1,2026-01-13 18:22:56,1
47,plate_captured_E1,2026-01-13 18:22:59,AAA146
48,motion_detected_E1,2026-01-13 18:23:26,1
48,plate_captured_E1,2026-01-13 18:23:30,AAA147
49,motion_detected_E1,2026-01-13 18:23:56,1
50,motion_detected_E1,2026-01-13 18:24:26,1
50,plate_captured_E1,2026-01-13 18:24:30,AAA149
51,motion_detected_E1,2026-01-13 18:24:56,1
51,plate_captured_E1,2026-01-13 18:24:57,AAA150
52,motion_detected_E2,2026-01-13 18:30:27,1
52,plate_captured_E2,2026-01-13 18:30:28,AAA102
53,motion_detected_E2,2026-01-13 18:30:57,1
53,plate_captured_E2,2026-01-13 18:31:00,AAA103
54,motion_detected_E2,2026-01-13 18:31:27,1
54,plate_captured_E2,2026-01-13 18:31:28,AAA104
55,motion_detected_E2,2026-01-13 18:31:57,1
55,plate_captured_E2,2026-01-13 18:31:59,AAA105
56,motion_detected_E2,2026-01-13 18:32:27,1
56,plate_captured_E2,2026-01-13 18:32:30,AAA106
57,motion_detected_E2,2026-01-13 18:32:57,1
57,plate_captured_E2,2026-01-13 18:33:01,AAA107
58,motion_detected_E2,2026-01-13 18:33:27,1
58,plate_captured_E2,2026-01-13 18:33:31,AAA108
59,motion_detected_E2,2026-01-13 18:33:57,1
59,plate_captured_E2,2026-01-13 18:34:01,AAA109
60,motion_detected_E2,2026-01-13 18:34:27,1
60,plate_captured_E2,2026-01-13 18:34:31,AAA110
61,motion_detected_E2,2026-01-13 18:34:57,1
61,plate_captured_E2,2026-01-13 18:34:58,AAA111
62,motion_detected_E2,2026-01-13 18:35:27,1
62,plate_captured_E2,2026-01-13 18:35:28,AAA112
63,motion_detected_E2,2026-01-13 18:35:57,1
63,plate_captured_E2,2026-01-13 18:35:58,AAA113
64,motion_detected_E2,2026-01-13 18:36:27,1
64,plate_captured_E2,2026-01-13 18:36:31,AAA114
65,plate_captured_E2,2026-01-13 18:37:01,AAA115
66,motion_detected_E2,2026-01-13 18:37:27,1
66,plate_captured_E2,2026-01-13 18:37:28,AAA116
67,motion_detected_E2,2026-01-13 18:37:57,1
67,plate_captured_E2,2026-01-13 18:37:59,AAA117
68,motion_detected_E2,2026-01-13 18:38:27,1
68,plate_captured_E2,2026-01-13 18:38:30,AAA118
69,motion_detected_E2,2026-01-13 18:38:57,1
69,plate_captured_E2,2026-01-13 18:38:59,AAA119
70,motion_detected_E2,2026-01-13 18:39:27,1
70,plate_captured_E2,2026-01-13 18:39:28,AAA120
71,motion_detected_E2,2026-01-13 18:39:57,1
71,plate_captured_E2,2026-01-13 18:39:58,AAA121
72,motion_detected_E2,2026-01-13 18:40:27,1
72,plate_captured_E2,2026-01-13 18:40:30,AAA122
73,motion_detected_E2,2026-01-13 18:40:57,1
74,motion_detected_E2,2026-01-13 18:41:27,1
74,plate_captured_E2,2026-01-13 18:41:28,AAA124
75,motion_detected_E2,2026-01-13 18:41:57,1
75,plate_captured_E2,2026-01-13 18:42:01,AAA125
76,motion_detected_E2,2026-01-13 18:42:27,1
76,plate_captured_E2,2026-01-13 18:42:31,AAA126
77,motion_detected_E2,2026-01-13 18:42:57,1
77,plate_captured_E2,2026-01-13 18:43:00,AAA127
78,motion_detected_E2,2026-01-13 18:43:27,1
78,plate_captured_E2,2026-01-13 18:43:30,AAA128
79,motion_detected_E2,2026-01-13 18:43:57,1
79,plate_captured_E2,2026-01-13 18:44:01,AAA129
80,motion_detected_E2,2026-01-13 18:44:27,1
80,plate_captured_E2,2026-01-13 18:44:29,AAA130
81,motion_detected_E2,2026-01-13 18:44:57,1
81,plate_captured_E2,2026-01-13 18:44:58,AAA131
82,motion_detected_E2,2026-01-13 18:45:27,1
83,motion_detected_E2,2026-01-13 18:45:57,1
83,plate_captured_E2,2026-01-13 18:46:00,AAA133
84,motion_detected_E2,2026-01-13 18:46:27,1
85,motion_detected_E2,2026-01-13 18:46:57,1
85,plate_captured_E2,2026-01-13 18:46:59,AAA135
86,motion_detected_E2,2026-01-13 18:47:27,1
86,plate_captured_E2,2026-01-13 18:47:30,AAA136
87,motion_detected_E2,2026-01-13 18:47:57,1
87,plate_captured_E2,2026-01-13 18:48:01,AAA137
88,motion_detected_E2,2026-01-13 18:48:27,1
88,plate_captured_E2,2026-01-13 18:48:30,AAA138
89,motion_detected_E2,2026-01-13 18:48:57,1
89,plate_captured_E2,2026-01-13 18:49:01,AAA139
90,motion_detected_E2,2026-01-13 18:49:27,1
90,plate_captured_E2,2026-01-13 18:49:30,AAA140
91,motion_detected_E2,2026-01-13 18:50:27,1
91,plate_captured_E2,2026-01-13 18:50:28,AAA142
92,motion_detected_E2,2026-01-13 18:50:57,1
92,plate_captured_E2,2026-01-13 18:51:00,AAA143
93,motion_detected_E2,2026-01-13 18:51:27,1
93,plate_captured_E2,2026-01-13 18:51:29,AAA144
94,motion_detected_E2,2026-01-13 18:51:57,1
95,motion_detected_E2,2026-01-13 18:52:27,1
95,plate_captured_E2,2026-01-13 18:52:31,AAA146
96,motion_detected_E2,2026-01-13 18:52:57,1
96,plate_captured_E2,2026-01-13 18:52:59,AAA147
97,motion_detected_E2,2026-01-13 18:53:27,1
97,plate_captured_E2,2026-01-13 18:53:29,AAA148
98,plate_captured_E2,2026-01-13 18:54:00,AAA149
99,plate_captured_E2,2026-01-13 18:54:28,AAA150
99,dim_E2,2026-01-13 18:54:31,
99,E2_dim_alert_E1_E2,2026-01-13 18:54:32,
99,E2_dim_alert_W1_E2,2026-01-13 18:54:35,
99,E2_dim_alert_E1_E1,2026-01-13 18:54:38,
99,dim_E1,2026-01-13 18:54:40,
99,E2_dim_alert_W1_W1,2026-01-13 18:54:42,
99,dim_W1,2026-01-13 18:54:43,
100,plate_captured_E1,2026-01-13 22:00:04,BBB201
100,turn_on_E1,2026-01-13 22:00:07,
100,E1_turn_on_alert_E2_E1,2026-01-13 22:00:10,
100,E1_turn_on_alert_W1_E1,2026-01-13 22:00:12,
100,E1_turn_on_alert_W1_W1,2026-01-13 22:00:16,
100,turn_on_W1,2026-01-13 22:00:20,
100,E1_turn_on_alert_E2_E2,2026-01-13 22:00:24,
100,turn_on_E2,2026-01-13 22:00:25,
101,motion_detected_E2,2026-01-13 22:05:00,1
101,plate_captured_E2,2026-01-13 22:05:01,BBB201
101,dim_E2,2026-01-13 22:05:04,
101,E2_dim_alert_E1_E2,2026-01-13 22:05:08,
101,E2_dim_alert_W1_E2,2026-01-13 22:05:12,
101,E2_dim_alert_W1_W1,2026-01-13 22:05:13,
101,dim_W1,2026-01-13 22:05:16,
101,E2_dim_alert_E1_E1,2026-01-13 22:05:20,
101,dim_E1,2026-01-13 22:05:23,
102,motion_detected_E1,2026-01-14 00:00:00,1
102,plate_captured_E1,2026-01-14 00:00:04,BBB202
102,turn_on_E1,2026-01-14 00:00:06,
102,E1_turn_on_alert_E2_E1,2026-01-14 00:00:09,
102,E1_turn_on_alert_W1_E1,2026-01-14 00:00:13,
102,E1_turn_on_alert_E2_E2,2026-01-14 00:00:15,
102,turn_on_E2,2026-01-14 00:00:19,
102,E1_turn_on_alert_W1_W1,2026-01-14 00:00:20,
102,turn_on_W1,2026-01-14 00:00:23,
103,motion_detected_E2,2026-01-14 00:05:00,1
103,plate_captured_E2,2026-01-14 00:05:03,BBB202
103,dim_E2,2026-01-14 00:05:04,
103,E2_dim_alert_E1_E2,2026-01-14 00:05:05,
103,E2_dim_alert_W1_E2,2026-01-14 00:05:08,
103,E2_dim_alert_E1_E1,2026-01-14 00:05:11,
103,dim_E1,2026-01-14 00:05:12,
103,E2_dim_alert_W1_W1,2026-01-14 00:05:16,
103,dim_W1,2026-01-14 00:05:17,
104,motion_detected_E1,2026-01-14 02:00:00,1
104,plate_captured_E1,2026-01-14 02:00:03,BBB203
104,turn_on_E1,2026-01-14 02:00:07,
104,E1_turn_on_alert_E2_E1,2026-01-14 02:00:08,
104,E1_turn_on_alert_W1_E1,2026-01-14 02:00:10,
105,turn_on_W1,2026-01-14 02:00:16,
105,E1_turn_on_alert_E2_E2,2026-01-14 02:00:20,
105,turn_on_E2,2026-01-14 02:00:24,
106,motion_detected_E2,2026-01-14 02:05:00,1
106,plate_captured_E2,2026-01-14 02:05:03,BBB203
106,dim_E2,2026-01-14 02:05:07,
106,E2_dim_alert_E1_E2,2026-01-14 02:05:10,
106,E2_dim_alert_W1_E2,2026-01-14 02:05:12,
106,E2_dim_alert_W1_W1,2026-01-14 02:05:14,
106,dim_W1,2026-01-14 02:05:16,
107,dim_E1,2026-01-14 02:05:21,
108,motion_detected_E1,2026-01-14 04:00:00,1
108,plate_captured_E1,2026-01-14 04:00:01,BBB204
108,turn_on_E1,2026-01-14 04:00:03,
108,E1_turn_on_alert_E2_E1,2026-01-14 04:00:05,
109,E1_turn_on_alert_E2_E2,2026-01-14 04:00:11,
110,E1_turn_on_alert_W1_W1,2026-01-14 04:00:17,
110,turn_on_W1,2026-01-14 04:00:21,
111,plate_captured_E2,2026-01-14 04:05:01,BBB204
111,dim_E2,2026-01-14 04:05:03,
111,E2_dim_alert_E1_E2,2026-01-14 04:05:07,
111,E2_dim_alert_W1_E2,2026-01-14 04:05:09,
111,E2_dim_alert_E1_E1,2026-01-14 04:05:10,
112,E2_dim_alert_W1_W1,2026-01-14 04:05:15,
112,dim_W1,2026-01-14 04:05:16,
113,motion_detected_E1,2026-01-14 06:00:00,1
113,plate_captured_E1,2026-01-14 06:00:01,BBB205
113,turn_on_E1,2026-01-14 06:00:04,
114,E1_turn_on_alert_W1_W1,2026-01-14 06:00:12,
114,turn_on_W1,2026-01-14 06:00:13,
114,E1_turn_on_alert_E2_E2,2026-01-14 06:00:14,
114,turn_on_E2,2026-01-14 06:00:16,
115,motion_detected_E2,2026-01-14 06:05:00,1
115,plate_captured_E2,2026-01-14 06:05:03,BBB205
115,dim_E2,2026-01-14 06:05:04,
115,E2_dim_alert_E1_E2,2026-01-14 06:05:05,
115,E2_dim_alert_W1_E2,2026-01-14 06:05:08,
115,E2_dim_alert_W1_W1,2026-01-14 06:05:11,
115,dim_W1,2026-01-14 06:05:13,
115,E2_dim_alert_E1_E1,2026-01-14 06:05:15,
115,dim_E1,2026-01-14 06:05:18,
116,motion_detected_E1,2026-01-14 08:00:00,1
116,plate_captured_E1,2026-01-14 08:00:01,BBB206
116,turn_on_E1,2026-01-14 08:00:05,
117,E1_turn_on_alert_W1_E1,2026-01-14 08:00:10,
117,E1_turn_on_alert_E2_E2,2026-01-14 08:00:14,
117,turn_on_E2,2026-01-14 08:00:15,
118,turn_on_W1,2026-01-14 08:00:21,
119,motion_detected_E2,2026-01-14 08:05:00,1
119,plate_captured_E2,2026-01-14 08:05:02,BBB206
119,dim_E2,2026-01-14 08:05:05,
119,E2_dim_alert_E1_E2,2026-01-14 08:05:07,
119,E2_dim_alert_W1_E2,2026-01-14 08:05:08,
119,E2_dim_alert_E1_E1,2026-01-14 08:05:12,
119,dim_E1,2026-01-14 08:05:16,
119,E2_dim_alert_W1_W1,2026-01-14 08:05:17,
119,dim_W1,2026-01-14 08:05:20,
120,motion_detected_E1,2026-01-14 10:00:00,1
120,plate_captured_E1,2026-01-14 10:00:04,BBB207
120,turn_on_E1,2026-01-14 10:00:06,
120,E1_turn_on_alert_E2_E1,2026-01-14 10:00:08,
120,E1_turn_on_alert_W1_E1,2026-01-14 10:00:10,
120,E1_turn_on_alert_W1_W1,2026-01-14 10:00:14,
120,turn_on_W1,2026-01-14 10:00:17,
120,E1_turn_on_alert_E2_E2,2026-01-14 10:00:20,
121,motion_detected_E2,2026-01-14 10:05:00,1
121,plate_captured_E2,2026-01-14 10:05:01,BBB207
121,dim_E2,2026-01-14 10:05:05,
121,E2_dim_alert_E1_E2,2026-01-14 10:05:08,
121,E2_dim_alert_W1_E2,2026-01-14 10:05:10,
121,E2_dim_alert_W1_W1,2026-01-14 10:05:14,
121,dim_W1,2026-01-14 10:05:16,
121,E2_dim_alert_E1_E1,2026-01-14 10:05:17,
122,motion_detected_E1,2026-01-14 12:00:00,1
122,plate_captured_E1,2026-01-14 12:00:02,BBB208
122,turn_on_E1,2026-01-14 12:00:04,
122,E1_turn_on_alert_E2_E1,2026-01-14 12:00:05,
122,E1_turn_on_alert_W1_E1,2026-01-14 12:00:09,
122,E1_turn_on_alert_E2_E2,2026-01-14 12:00:11,
122,turn_on_E2,2026-01-14 12:00:15,
122,E1_turn_on_alert_W1_W1,2026-01-14 12:00:16,
122,turn_on_W1,2026-01-14 12:00:18,
123,plate_captured_E2,2026-01-14 12:05:01,BBB208
123,dim_E2,2026-01-14 12:05:05,
123,E2_dim_alert_E1_E2,2026-01-14 12:05:09,
123,E2_dim_alert_W1_E2,2026-01-14 12:05:11,
123,E2_dim_alert_E1_E1,2026-01-14 12:05:14,
123,dim_E1,2026-01-14 12:05:17,
123,E2_dim_alert_W1_W1,2026-01-14 12:05:19,
123,dim_W1,2026-01-14 12:05:23,
124,motion_detected_E1,2026-01-14 14:00:00,1
124,plate_captured_E1,2026-01-14 14:00:03,BBB209
124,turn_on_E1,2026-01-14 14:00:06,
124,E1_turn_on_alert_W1_E1,2026-01-14 14:00:08,
124,E1_turn_on_alert_W1_W1,2026-01-14 14:00:12,
125,E1_turn_on_alert_E2_E2,2026-01-14 14:00:17,
125,turn_on_E2,2026-01-14 14:00:21,
126,motion_detected_E2,2026-01-14 14:05:00,1
126,plate_captured_E2,2026-01-14 14:05:02,BBB209
126,dim_E2,2026-01-14 14:05:04,
126,E2_dim_alert_E1_E2,2026-01-14 14:05:06,
126,E2_dim_alert_W1_E2,2026-01-14 14:05:07,
126,E2_dim_alert_W1_W1,2026-01-14 14:05:08,
126,dim_W1,2026-01-14 14:05:12,
126,E2_dim_alert_E1_E1,2026-01-14 14:05:16,
126,dim_E1,2026-01-14 14:05:17,
127,motion_detected_E1,2026-01-14 16:00:00,1
127,plate_captured_E1,2026-01-14 16:00:04,BBB210
127,turn_on_E1,2026-01-14 16:00:05,
127,E1_turn_on_alert_E2_E1,2026-01-14 16:00:08,
127,E1_turn_on_alert_W1_E1,2026-01-14 16:00:09,
127,E1_turn_on_alert_E2_E2,2026-01-14 16:00:11,
127,turn_on_E2,2026-01-14 16:00:15,
127,E1_turn_on_alert_W1_W1,2026-01-14 16:00:19,
127,turn_on_W1,2026-01-14 16:00:20,
128,motion_detected_E2,2026-01-14 16:05:00,1
128,plate_captured_E2,2026-01-14 16:05:03,BBB210
128,dim_E2,2026-01-14 16:05:07,
129,E2_dim_alert_W1_E2,2026-01-14 16:05:15,
129,E2_dim_alert_E1_E1,2026-01-14 16:05:16,
130,E2_dim_alert_W1_W1,2026-01-14 16:05:22,
130,dim_W1,2026-01-14 16:05:25,
131,motion_detected_E1,2026-01-14 18:00:00,1
131,plate_captured_E1,2026-01-14 18:00:01,BBB211
131,turn_on_E1,2026-01-14 18:00:04,
131,E1_turn_on_alert_E2_E1,2026-01-14 18:00:07,
131,E1_turn_on_alert_W1_E1,2026-01-14 18:00:09,
131,E1_turn_on_alert_W1_W1,2026-01-14 18:00:10,
131,turn_on_W1,2026-01-14 18:00:12,
131,E1_turn_on_alert_E2_E2,2026-01-14 18:00:14,
131,turn_on_E2,2026-01-14 18:00:16,
132,motion_detected_E2,2026-01-14 18:05:00,1
132,plate_captured_E2,2026-01-14 18:05:03,BBB211
132,dim_E2,2026-01-14 18:05:06,
132,E2_dim_alert_E1_E2,2026-01-14 18:05:10,
132,E2_dim_alert_W1_E2,2026-01-14 18:05:14,
132,E2_dim_alert_W1_W1,2026-01-14 18:05:17,
132,dim_W1,2026-01-14 18:05:18,
132,E2_dim_alert_E1_E1,2026-01-14 18:05:22,
132,dim_E1,2026-01-14 18:05:23,
133,motion_detected_E1,2026-01-14 20:00:00,1
133,plate_captured_E1,2026-01-14 20:00:01,BBB212
133,turn_on_E1,2026-01-14 20:00:02,
133,E1_turn_on_alert_E2_E1,2026-01-14 20:00:04,
133,E1_turn_on_alert_E2_E2,2026-01-14 20:00:07,
133,turn_on_E2,2026-01-14 20:00:10,
133,E1_turn_on_alert_W1_W1,2026-01-14 20:00:12,
133,turn_on_W1,2026-01-14 20:00:13,
134,motion_detected_E2,2026-01-14 20:05:00,1
134,plate_captured_E2,2026-01-14 20:05:04,BBB212
134,dim_E2,2026-01-14 20:05:05,
134,E2_dim_alert_E1_E2,2026-01-14 20:05:09,
134,E2_dim_alert_W1_E2,2026-01-14 20:05:10,
134,E2_dim_alert_E1_E1,2026-01-14 20:05:12,
134,dim_E1,2026-01-14 20:05:15,
134,E2_dim_alert_W1_W1,2026-01-14 20:05:18,
134,dim_W1,2026-01-14 20:05:21,
135,motion_detected_E1,2026-01-14 22:00:00,1
135,plate_captured_E1,2026-01-14 22:00:03,BBB213
135,turn_on_E1,2026-01-14 22:00:07,
136,E1_turn_on_alert_W1_E1,2026-01-14 22:00:12,
137,turn_on_W1,2026-01-14 22:00:19,
137,E1_turn_on_alert_E2_E2,2026-01-14 22:00:23,
137,turn_on_E2,2026-01-14 22:00:27,
138,motion_detected_E2,2026-01-14 22:05:00,1
138,plate_captured_E2,2026-01-14 22:05:02,BBB213
138,dim_E2,2026-01-14 22:05:03,
138,E2_dim_alert_E1_E2,2026-01-14 22:05:04,
138,E2_dim_alert_W1_E2,2026-01-14 22:05:05,
138,E2_dim_alert_W1_W1,2026-01-14 22:05:07,
138,dim_W1,2026-01-14 22:05:09,
138,E2_dim_alert_E1_E1,2026-01-14 22:05:10,
138,dim_E1,2026-01-14 22:05:11,
139,motion_detected_E1,2026-01-15 00:00:00,1
139,plate_captured_E1,2026-01-15 00:00:01,BBB214
139,turn_on_E1,2026-01-15 00:00:04,
139,E1_turn_on_alert_E2_E1,2026-01-15 00:00:05,
139,E1_turn_on_alert_W1_E1,2026-01-15 00:00:08,
139,E1_turn_on_alert_E2_E2,2026-01-15 00:00:09,
139,turn_on_E2,2026-01-15 00:00:13,
139,E1_turn_on_alert_W1_W1,2026-01-15 00:00:14,
139,turn_on_W1,2026-01-15 00:00:15,
140,motion_detected_E2,2026-01-15 00:05:00,1
140,plate_captured_E2,2026-01-15 00:05:01,BBB214
140,dim_E2,2026-01-15 00:05:05,
141,E2_dim_alert_E1_E1,2026-01-15 00:05:12,
141,dim_E1,2026-01-15 00:05:13,
141,E2_dim_alert_W1_W1,2026-01-15 00:05:16,
141,dim_W1,2026-01-15 00:05:19,
142,motion_detected_E1,2026-01-15 02:00:00,1
142,plate_captured_E1,2026-01-15 02:00:04,BBB215
142,turn_on_E1,2026-01-15 02:00:05,
142,E1_turn_on_alert_E2_E1,2026-01-15 02:00:06,
142,E1_turn_on_alert_W1_E1,2026-01-15 02:00:07,
142,E1_turn_on_alert_W1_W1,2026-01-15 02:00:11,
142,turn_on_W1,2026-01-15 02:00:12,
142,E1_turn_on_alert_E2_E2,2026-01-15 02:00:15,
142,turn_on_E2,2026-01-15 02:00:18,
143,motion_detected_E2,2026-01-15 02:05:00,1
143,plate_captured_E2,2026-01-15 02:05:04,BBB215
143,dim_E2,2026-01-15 02:05:07,
143,E2_dim_alert_E1_E2,2026-01-15 02:05:11,
143,E2_dim_alert_W1_E2,2026-01-15 02:05:15,
143,E2_dim_alert_W1_W1,2026-01-15 02:05:17,
143,dim_W1,2026-01-15 02:05:19,
143,E2_dim_alert_E1_E1,2026-01-15 02:05:21,
143,dim_E1,2026-01-15 02:05:23,
144,motion_detected_E1,2026-01-15 04:00:00,1
144,plate_captured_E1,2026-01-15 04:00:04,BBB216
144,turn_on_E1,2026-01-15 04:00:07,
144,E1_turn_on_alert_E2_E1,2026-01-15 04:00:10,
144,E1_turn_on_alert_E2_E2,2026-01-15 04:00:14,
144,turn_on_E2,2026-01-15 04:00:15,
144,E1_turn_on_alert_W1_W1,2026-01-15 04:00:18,
144,turn_on_W1,2026-01-15 04:00:19,
145,plate_captured_E2,2026-01-15 04:05:02,BBB216
145,dim_E2,2026-01-15 04:05:03,
145,E2_dim_alert_E1_E2,2026-01-15 04:05:04,
146,E2_dim_alert_E1_E1,2026-01-15 04:05:10,
146,dim_E1,2026-01-15 04:05:11,
146,E2_dim_alert_W1_W1,2026-01-15 04:05:12,
146,dim_W1,2026-01-15 04:05:15,
147,motion_detected_E1,2026-01-15 06:00:00,1
147,plate_captured_E1,2026-01-15 06:00:04,BBB217
147,turn_on_E1,2026-01-15 06:00:08,
147,E1_turn_on_alert_E2_E1,2026-01-15 06:00:10,
147,E1_turn_on_alert_W1_E1,2026-01-15 06:00:11,
147,E1_turn_on_alert_W1_W1,2026-01-15 06:00:12,
147,turn_on_W1,2026-01-15 06:00:14,
148,turn_on_E2,2026-01-15 06:00:20,
149,motion_detected_E2,2026-01-15 06:05:00,1
149,plate_captured_E2,2026-01-15 06:05:02,BBB217
149,dim_E2,2026-01-15 06:05:06,
149,E2_dim_alert_E1_E2,2026-01-15 06:05:09,
149,E2_dim_alert_W1_E2,2026-01-15 06:05:13,
149,E2_dim_alert_W1_W1,2026-01-15 06:05:15,
149,dim_W1,2026-01-15 06:05:16,
149,E2_dim_alert_E1_E1,2026-01-15 06:05:20,
149,dim_E1,2026-01-15 06:05:24,
150,motion_detected_E1,2026-01-15 08:00:00,1
150,plate_captured_E1,2026-01-15 08:00:02,BBB218
150,turn_on_E1,2026-01-15 08:00:04,
150,E1_turn_on_alert_E2_E1,2026-01-15 08:00:06,
151,E1_turn_on_alert_E2_E2,2026-01-15 08:00:11,
151,turn_on_E2,2026-01-15 08:00:13,
151,E1_turn_on_alert_W1_W1,2026-01-15 08:00:14,
151,turn_on_W1,2026-01-15 08:00:15,
152,motion_detected_E2,2026-01-15 08:05:00,1
152,plate_captured_E2,2026-01-15 08:05:03,BBB218
152,E2_dim_alert_E1_E2,2026-01-15 08:05:05,
153,E2_dim_alert_E1_E1,2026-01-15 08:05:11,
153,dim_E1,2026-01-15 08:05:14,
153,E2_dim_alert_W1_W1,2026-01-15 08:05:15,
153,dim_W1,2026-01-15 08:05:18,
154,motion_detected_E1,2026-01-15 10:00:00,1
154,plate_captured_E1,2026-01-15 10:00:02,BBB219
155,E1_turn_on_alert_E2_E1,2026-01-15 10:00:09,
155,E1_turn_on_alert_W1_E1,2026-01-15 10:00:13,
155,E1_turn_on_alert_W1_W1,2026-01-15 10:00:16,
155,turn_on_W1,2026-01-15 10:00:17,
155,E1_turn_on_alert_E2_E2,2026-01-15 10:00:20,
155,turn_on_E2,2026-01-15 10:00:23,
156,motion_detected_E2,2026-01-15 10:05:00,1
156,plate_captured_E2,2026-01-15 10:05:03,BBB219
156,dim_E2,2026-01-15 10:05:06,
156,E2_dim_alert_E1_E2,2026-01-15 10:05:10,
156,E2_dim_alert_W1_E2,2026-01-15 10:05:12,
156,E2_dim_alert_W1_W1,2026-01-15 10:05:13,
156,dim_W1,2026-01-15 10:05:17,
156,E2_dim_alert_E1_E1,2026-01-15 10:05:19,
156,dim_E1,2026-01-15 10:05:21,
157,plate_captured_E1,2026-01-15 12:00:04,BBB220
157,turn_on_E1,2026-01-15 12:00:08,
157,E1_turn_on_alert_E2_E1,2026-01-15 12:00:09,
157,E1_turn_on_alert_W1_E1,2026-01-15 12:00:10,
157,E1_turn_on_alert_E2_E2,2026-01-15 12:00:12,
157,turn_on_E2,2026-01-15 12:00:13,
157,E1_turn_on_alert_W1_W1,2026-01-15 12:00:16,
157,turn_on_W1,2026-01-15 12:00:20,
158,motion_detected_E2,2026-01-15 12:05:00,1
158,plate_captured_E2,2026-01-15 12:05:03,BBB220
159,E2_dim_alert_E1_E2,2026-01-15 12:05:09,
160,E2_dim_alert_E1_E1,2026-01-15 12:05:17,
160,dim_E1,2026-01-15 12:05:20,
160,E2_dim_alert_W1_W1,2026-01-15 12:05:23,
160,dim_W1,2026-01-15 12:05:24,
161,motion_detected_E1,2026-01-15 14:00:00,1
161,plate_captured_E1,2026-01-15 14:00:03,BBB221
161,turn_on_E1,2026-01-15 14:00:07,
161,E1_turn_on_alert_E2_E1,2026-01-15 14:00:09,
161,E1_turn_on_alert_W1_E1,2026-01-15 14:00:13,
161,E1_turn_on_alert_W1_W1,2026-01-15 14:00:17,
161,turn_on_W1,2026-01-15 14:00:18,
162,turn_on_E2,2026-01-15 14:00:23,
163,motion_detected_E2,2026-01-15 14:05:00,1
163,plate_captured_E2,2026-01-15 14:05:04,BBB221
163,dim_E2,2026-01-15 14:05:07,
164,E2_dim_alert_W1_E2,2026-01-15 14:05:13,
164,E2_dim_alert_W1_W1,2026-01-15 14:05:14,
164,dim_W1,2026-01-15 14:05:15,
164,E2_dim_alert_E1_E1,2026-01-15 14:05:17,
165,motion_detected_E1,2026-01-15 16:00:00,1
165,plate_captured_E1,2026-01-15 16:00:01,BBB222
166,E1_turn_on_alert_E2_E1,2026-01-15 16:00:06,
166,E1_turn_on_alert_W1_E1,2026-01-15 16:00:10,
166,E1_turn_on_alert_E2_E2,2026-01-15 16:00:12,
166,turn_on_E2,2026-01-15 16:00:13,
167,turn_on_W1,2026-01-15 16:00:18,
168,motion_detected_E2,2026-01-15 16:05:00,1
168,plate_captured_E2,2026-01-15 16:05:02,BBB222
168,dim_E2,2026-01-15 16:05:03,
168,E2_dim_alert_E1_E2,2026-01-15 16:05:06,
169,E2_dim_alert_E1_E1,2026-01-15 16:05:11,
169,dim_E1,2026-01-15 16:05:12,
169,E2_dim_alert_W1_W1,2026-01-15 16:05:15,
169,dim_W1,2026-01-15 16:05:19,
170,motion_detected_E1,2026-01-15 18:00:00,1
170,plate_captured_E1,2026-01-15 18:00:03,BBB223
170,turn_on_E1,2026-01-15 18:00:05,
170,E1_turn_on_alert_E2_E1,2026-01-15 18:00:06,
170,E1_turn_on_alert_W1_E1,2026-01-15 18:00:10,
170,E1_turn_on_alert_W1_W1,2026-01-15 18:00:13,
170,turn_on_W1,2026-01-15 18:00:15,
170,E1_turn_on_alert_E2_E2,2026-01-15 18:00:16,
170,turn_on_E2,2026-01-15 18:00:17,
171,motion_detected_E2,2026-01-15 18:05:00,1
171,plate_captured_E2,2026-01-15 18:05:01,BBB223
171,dim_E2,2026-01-15 18:05:03,
171,E2_dim_alert_E1_E2,2026-01-15 18:05:04,
171,E2_dim_alert_W1_E2,2026-01-15 18:05:07,
171,E2_dim_alert_W1_W1,2026-01-15 18:05:08,
171,dim_W1,2026-01-15 18:05:11,
171,E2_dim_alert_E1_E1,2026-01-15 18:05:15,
171,dim_E1,2026-01-15 18:05:16,
172,motion_detected_E1,2026-01-15 20:00:00,1
172,plate_captured_E1,2026-01-15 20:00:01,BBB224
172,turn_on_E1,2026-01-15 20:00:02,
172,E1_turn_on_alert_W1_E1,2026-01-15 20:00:05,
172,E1_turn_on_alert_E2_E2,2026-01-15 20:00:08,
172,turn_on_E2,2026-01-15 20:00:12,
172,E1_turn_on_alert_W1_W1,2026-01-15 20:00:15,
172,turn_on_W1,2026-01-15 20:00:18,
173,motion_detected_E2,2026-01-15 20:05:00,1
173,plate_captured_E2,2026-01-15 20:05:03,BBB224
173,dim_E2,2026-01-15 20:05:07,
173,E2_dim_alert_E1_E2,2026-01-15 20:05:09,
173,E2_dim_alert_W1_E2,2026-01-15 20:05:12,
173,E2_dim_alert_E1_E1,2026-01-15 20:05:16,
173,dim_E1,2026-01-15 20:05:17,
173,E2_dim_alert_W1_W1,2026-01-15 20:05:18,
173,dim_W1,2026-01-15 20:05:21,
174,motion_detected_E1,2026-01-15 22:00:00,1
175,turn_on_E1,2026-01-15 22:00:08,
175,E1_turn_on_alert_E2_E1,2026-01-15 22:00:12,
175,E1_turn_on_alert_W1_E1,2026-01-15 22:00:15,
175,E1_turn_on_alert_W1_W1,2026-01-15 22:00:17,
175,turn_on_W1,2026-01-15 22:00:20,
175,E1_turn_on_alert_E2_E2,2026-01-15 22:00:22,
175,turn_on_E2,2026-01-15 22:00:26,
176,motion_detected_E2,2026-01-15 22:05:00,1
176,plate_captured_E2,2026-01-15 22:05:03,BBB225
176,dim_E2,2026-01-15 22:05:06,
176,E2_dim_alert_E1_E2,2026-01-15 22:05:07,
176,E2_dim_alert_W1_E2,2026-01-15 22:05:09,
176,E2_dim_alert_W1_W1,2026-01-15 22:05:13,
176,dim_W1,2026-01-15 22:05:16,
176,E2_dim_alert_E1_E1,2026-01-15 22:05:19,
176,dim_E1,2026-01-15 22:05:20,
177,motion_detected_E1,2026-01-16 00:00:00,1
177,plate_captured_E1,2026-01-16 00:00:04,BBB226
177,turn_on_E1,2026-01-16 00:00:08,
177,E1_turn_on_alert_E2_E1,2026-01-16 00:00:11,
177,E1_turn_on_alert_W1_E1,2026-01-16 00:00:13,
177,E1_turn_on_alert_E2_E2,2026-01-16 00:00:14,
178,E1_turn_on_alert_W1_W1,2026-01-16 00:00:19,
178,turn_on_W1,2026-01-16 00:00:20,
179,plate_captured_E2,2026-01-16 00:05:01,BBB226
179,dim_E2,2026-01-16 00:05:02,
179,E2_dim_alert_E1_E2,2026-01-16 00:05:04,
179,E2_dim_alert_W1_E2,2026-01-16 00:05:08,
179,E2_dim_alert_E1_E1,2026-01-16 00:05:10,
179,dim_E1,2026-01-16 00:05:12,
179,E2_dim_alert_W1_W1,2026-01-16 00:05:13,
180,motion_detected_E1,2026-01-16 02:00:00,1
180,plate_captured_E1,2026-01-16 02:00:02,BBB227
180,turn_on_E1,2026-01-16 02:00:06,
180,E1_turn_on_alert_E2_E1,2026-01-16 02:00:08,
180,E1_turn_on_alert_W1_E1,2026-01-16 02:00:09,
180,E1_turn_on_alert_W1_W1,2026-01-16 02:00:12,
180,turn_on_W1,2026-01-16 02:00:13,
180,E1_turn_on_alert_E2_E2,2026-01-16 02:00:14,
180,turn_on_E2,2026-01-16 02:00:15,
181,motion_detected_E2,2026-01-16 02:05:00,1
181,plate_captured_E2,2026-01-16 02:05:03,BBB227
181,dim_E2,2026-01-16 02:05:06,
181,E2_dim_alert_E1_E2,2026-01-16 02:05:09,
181,E2_dim_alert_W1_E2,2026-01-16 02:05:12,
181,E2_dim_alert_W1_W1,2026-01-16 02:05:16,
181,dim_W1,2026-01-16 02:05:17,
181,E2_dim_alert_E1_E1,2026-01-16 02:05:20,
181,dim_E1,2026-01-16 02:05:21,
182,motion_detected_E1,2026-01-16 04:00:00,1
182,plate_captured_E1,2026-01-16 04:00:03,BBB228
182,turn_on_E1,2026-01-16 04:00:06,
182,E1_turn_on_alert_E2_E1,2026-01-16 04:00:09,
182,E1_turn_on_alert_W1_E1,2026-01-16 04:00:11,
182,E1_turn_on_alert_E2_E2,2026-01-16 04:00:13,
182,turn_on_E2,2026-01-16 04:00:15,
182,E1_turn_on_alert_W1_W1,2026-01-16 04:00:16,
182,turn_on_W1,2026-01-16 04:00:17,
183,motion_detected_E2,2026-01-16 04:05:00,1
184,E2_dim_alert_W1_E2,2026-01-16 04:05:08,
184,E2_dim_alert_E1_E1,2026-01-16 04:05:11,
184,dim_E1,2026-01-16 04:05:14,
184,E2_dim_alert_W1_W1,2026-01-16 04:05:17,
184,dim_W1,2026-01-16 04:05:18,
185,motion_detected_E1,2026-01-16 06:00:00,1
185,plate_captured_E1,2026-01-16 06:00:01,BBB229
185,turn_on_E1,2026-01-16 06:00:03,
185,E1_turn_on_alert_E2_E1,2026-01-16 06:00:07,
185,E1_turn_on_alert_W1_W1,2026-01-16 06:00:11,
185,turn_on_W1,2026-01-16 06:00:12,
185,E1_turn_on_alert_E2_E2,2026-01-16 06:00:13,
186,motion_detected_E2,2026-01-16 06:05:00,1
186,dim_E2,2026-01-16 06:05:03,
186,E2_dim_alert_E1_E2,2026-01-16 06:05:04,
186,E2_dim_alert_W1_E2,2026-01-16 06:05:07,
186,E2_dim_alert_W1_W1,2026-01-16 06:05:10,
187,E2_dim_alert_E1_E1,2026-01-16 06:05:15,
187,dim_E1,2026-01-16 06:05:16,
188,motion_detected_E1,2026-01-16 08:00:00,1
188,plate_captured_E1,2026-01-16 08:00:03,BBB230
188,turn_on_E1,2026-01-16 08:00:07,
188,E1_turn_on_alert_E2_E1,2026-01-16 08:00:08,
188,E1_turn_on_alert_W1_E1,2026-01-16 08:00:10,
188,E1_turn_on_alert_E2_E2,2026-01-16 08:00:14,
188,turn_on_E2,2026-01-16 08:00:18,
188,E1_turn_on_alert_W1_W1,2026-01-16 08:00:22,
188,turn_on_W1,2026-01-16 08:00:25,
189,motion_detected_E2,2026-01-16 08:05:00,1
189,plate_captured_E2,2026-01-16 08:05:02,BBB230
189,dim_E2,2026-01-16 08:05:06,
190,E2_dim_alert_W1_E2,2026-01-16 08:05:12,
190,E2_dim_alert_E1_E1,2026-01-16 08:05:15,
190,dim_E1,2026-01-16 08:05:16,
190,E2_dim_alert_W1_W1,2026-01-16 08:05:19,
190,dim_W1,2026-01-16 08:05:22,
191,motion_detected_E1,2026-01-16 10:00:00,1
191,plate_captured_E1,2026-01-16 10:00:03,BBB231
191,turn_on_E1,2026-01-16 10:00:07,
191,E1_turn_on_alert_E2_E1,2026-01-16 10:00:09,
191,E1_turn_on_alert_W1_E1,2026-01-16 10:00:11,
191,E1_turn_on_alert_W1_W1,2026-01-16 10:00:15,
191,turn_on_W1,2026-01-16 10:00:16,
191,E1_turn_on_alert_E2_E2,2026-01-16 10:00:17,
191,turn_on_E2,2026-01-16 10:00:20,
192,motion_detected_E2,2026-01-16 10:05:00,1
192,plate_captured_E2,2026-01-16 10:05:04,BBB231
192,dim_E2,2026-01-16 10:05:08,
192,E2_dim_alert_E1_E2,2026-01-16 10:05:12,
192,E2_dim_alert_W1_E2,2026-01-16 10:05:13,
192,E2_dim_alert_W1_W1,2026-01-16 10:05:14,
192,dim_W1,2026-01-16 10:05:16,
193,dim_E1,2026-01-16 10:05:21,
194,motion_detected_E1,2026-01-16 12:00:00,1
194,plate_captured_E1,2026-01-16 12:00:02,BBB232
194,turn_on_E1,2026-01-16 12:00:04,
194,E1_turn_on_alert_E2_E1,2026-01-16 12:00:05,
194,E1_turn_on_alert_W1_E1,2026-01-16 12:00:08,
194,E1_turn_on_alert_E2_E2,2026-01-16 12:00:09,
194,turn_on_E2,2026-01-16 12:00:11,
194,E1_turn_on_alert_W1_W1,2026-01-16 12:00:13,
194,turn_on_W1,2026-01-16 12:00:16,
195,motion_detected_E2,2026-01-16 12:05:00,1
195,E2_dim_alert_E1_E2,2026-01-16 12:05:04,
195,E2_dim_alert_W1_E2,2026-01-16 12:05:07,
195,E2_dim_alert_E1_E1,2026-01-16 12:05:08,
195,dim_E1,2026-01-16 12:05:12,
195,E2_dim_alert_W1_W1,2026-01-16 12:05:13,
196,motion_detected_E1,2026-01-16 14:00:00,1
196,plate_captured_E1,2026-01-16 14:00:04,BBB233
196,turn_on_E1,2026-01-16 14:00:06,
196,E1_turn_on_alert_E2_E1,2026-01-16 14:00:07,
196,E1_turn_on_alert_W1_E1,2026-01-16 14:00:09,
196,E1_turn_on_alert_W1_W1,2026-01-16 14:00:10,
196,turn_on_W1,2026-01-16 14:00:12,
196,E1_turn_on_alert_E2_E2,2026-01-16 14:00:13,
196,turn_on_E2,2026-01-16 14:00:17,
197,motion_detected_E2,2026-01-16 14:05:00,1
197,plate_captured_E2,2026-01-16 14:05:01,BBB233
197,dim_E2,2026-01-16 14:05:03,
197,E2_dim_alert_E1_E2,2026-01-16 14:05:05,
197,E2_dim_alert_W1_E2,2026-01-16 14:05:09,
198,dim_W1,2026-01-16 14:05:14,
198,E2_dim_alert_E1_E1,2026-01-16 14:05:18,
198,dim_E1,2026-01-16 14:05:20,
199,motion_detected_E1,2026-01-16 16:00:00,1
199,plate_captured_E1,2026-01-16 16:00:03,BBB234
199,turn_on_E1,2026-01-16 16:00:07,
199,E1_turn_on_alert_E2_E1,2026-01-16 16:00:09,
199,E1_turn_on_alert_W1_E1,2026-01-16 16:00:13,
199,E1_turn_on_alert_E2_E2,2026-01-16 16:00:17,
199,turn_on_E2,2026-01-16 16:00:21,
200,motion_detected_E2,2026-01-16 16:05:00,1
200,plate_captured_E2,2026-01-16 16:05:02,BBB234
200,dim_E2,2026-01-16 16:05:03,
200,E2_dim_alert_E1_E2,2026-01-16 16:05:06,
201,E2_dim_alert_E1_E1,2026-01-16 16:05:11,
201,dim_E1,2026-01-16 16:05:14,
201,E2_dim_alert_W1_W1,2026-01-16 16:05:16,
201,dim_W1,2026-01-16 16:05:18,
202,motion_detected_E1,2026-01-16 18:00:00,1
202,plate_captured_E1,2026-01-16 18:00:01,BBB235
202,turn_on_E1,2026-01-16 18:00:03,
203,E1_turn_on_alert_W1_E1,2026-01-16 18:00:09,
203,E1_turn_on_alert_W1_W1,2026-01-16 18:00:10,
203,turn_on_W1,2026-01-16 18:00:14,
203,E1_turn_on_alert_E2_E2,2026-01-16 18:00:17,
203,turn_on_E2,2026-01-16 18:00:19,
204,motion_detected_E2,2026-01-16 18:05:00,1
204,plate_captured_E2,2026-01-16 18:05:01,BBB235
205,E2_dim_alert_W1_E2,2026-01-16 18:05:06,
205,E2_dim_alert_W1_W1,2026-01-16 18:05:08,
205,dim_W1,2026-01-16 18:05:12,
205,E2_dim_alert_E1_E1,2026-01-16 18:05:14,
206,plate_captured_E1,2026-01-16 20:00:02,BBB236
206,turn_on_E1,2026-01-16 20:00:04,
206,E1_turn_on_alert_E2_E1,2026-01-16 20:00:07,
206,E1_turn_on_alert_W1_E1,2026-01-16 20:00:08,
206,E1_turn_on_alert_E2_E2,2026-01-16 20:00:10,
206,turn_on_E2,2026-01-16 20:00:11,
206,E1_turn_on_alert_W1_W1,2026-01-16 20:00:15,
206,turn_on_W1,2026-01-16 20:00:17,
207,motion_detected_E2,2026-01-16 20:05:00,1
207,plate_captured_E2,2026-01-16 20:05:01,BBB236
207,dim_E2,2026-01-16 20:05:05,
207,E2_dim_alert_E1_E2,2026-01-16 20:05:08,
207,E2_dim_alert_W1_E2,2026-01-16 20:05:12,
207,E2_dim_alert_E1_E1,2026-01-16 20:05:15,
207,dim_E1,2026-01-16 20:05:16,
207,E2_dim_alert_W1_W1,2026-01-16 20:05:18,
207,dim_W1,2026-01-16 20:05:21,
208,motion_detected_E1,2026-01-16 22:00:00,1
208,plate_captured_E1,2026-01-16 22:00:04,BBB237
208,turn_on_E1,2026-01-16 22:00:06,
208,E1_turn_on_alert_E2_E1,2026-01-16 22:00:07,
208,E1_turn_on_alert_W1_E1,2026-01-16 22:00:08,
208,E1_turn_on_alert_W1_W1,2026-01-16 22:00:10,
208,turn_on_W1,2026-01-16 22:00:13,
208,E1_turn_on_alert_E2_E2,2026-01-16 22:00:17,
208,turn_on_E2,2026-01-16 22:00:20,
209,motion_detected_E2,2026-01-16 22:05:00,1
209,plate_captured_E2,2026-01-16 22:05:04,BBB237
209,dim_E2,2026-01-16 22:05:08,
209,E2_dim_alert_E1_E2,2026-01-16 22:05:10,
209,E2_dim_alert_W1_E2,2026-01-16 22:05:14,
209,E2_dim_alert_W1_W1,2026-01-16 22:05:17,
209,dim_W1,2026-01-16 22:05:21,
209,E2_dim_alert_E1_E1,2026-01-16 22:05:22,
209,dim_E1,2026-01-16 22:05:25,
210,plate_captured_E1,2026-01-17 00:00:03,BBB238
210,turn_on_E1,2026-01-17 00:00:05,
210,E1_turn_on_alert_E2_E1,2026-01-17 00:00:09,
210,E1_turn_on_alert_W1_E1,2026-01-17 00:00:10,
210,E1_turn_on_alert_E2_E2,2026-01-17 00:00:11,
210,turn_on_E2,2026-01-17 00:00:12,
210,E1_turn_on_alert_W1_W1,2026-01-17 00:00:13,
211,plate_captured_E2,2026-01-17 00:05:02,BBB238
211,dim_E2,2026-01-17 00:05:04,
211,E2_dim_alert_E1_E2,2026-01-17 00:05:06,
211,E2_dim_alert_E1_E1,2026-01-17 00:05:10,
211,dim_E1,2026-01-17 00:05:14,
211,E2_dim_alert_W1_W1,2026-01-17 00:05:18,
211,dim_W1,2026-01-17 00:05:20,
212,motion_detected_E1,2026-01-17 02:00:00,1
212,plate_captured_E1,2026-01-17 02:00:02,BBB239
212,turn_on_E1,2026-01-17 02:00:03,
212,E1_turn_on_alert_E2_E1,2026-01-17 02:00:07,
212,E1_turn_on_alert_W1_E1,2026-01-17 02:00:09,
212,E1_turn_on_alert_W1_W1,2026-01-17 02:00:10,
212,turn_on_W1,2026-01-17 02:00:12,
212,E1_turn_on_alert_E2_E2,2026-01-17 02:00:15,
212,turn_on_E2,2026-01-17 02:00:16,
213,motion_detected_E2,2026-01-17 02:05:00,1
213,plate_captured_E2,2026-01-17 02:05:04,BBB239
213,dim_E2,2026-01-17 02:05:08,
213,E2_dim_alert_E1_E2,2026-01-17 02:05:10,
213,E2_dim_alert_W1_E2,2026-01-17 02:05:11,
213,E2_dim_alert_W1_W1,2026-01-17 02:05:14,
213,dim_W1,2026-01-17 02:05:15,
213,E2_dim_alert_E1_E1,2026-01-17 02:05:17,
213,dim_E1,2026-01-17 02:05:19,
214,plate_captured_E1,2026-01-17 04:00:04,BBB240
214,turn_on_E1,2026-01-17 04:00:06,
214,E1_turn_on_alert_E2_E1,2026-01-17 04:00:08,
214,E1_turn_on_alert_W1_E1,2026-01-17 04:00:09,
214,E1_turn_on_alert_E2_E2,2026-01-17 04:00:13,
214,turn_on_E2,2026-01-17 04:00:15,
214,E1_turn_on_alert_W1_W1,2026-01-17 04:00:18,
214,turn_on_W1,2026-01-17 04:00:19,
215,plate_captured_E2,2026-01-17 04:05:03,BBB240
215,dim_E2,2026-01-17 04:05:07,
215,E2_dim_alert_E1_E2,2026-01-17 04:05:11,
215,E2_dim_alert_W1_E2,2026-01-17 04:05:15,
215,E2_dim_alert_E1_E1,2026-01-17 04:05:16,
215,E2_dim_alert_W1_W1,2026-01-17 04:05:20,
215,dim_W1,2026-01-17 04:05:24,
216,motion_detected_E1,2026-01-17 06:00:00,1
217,turn_on_E1,2026-01-17 06:00:07,
217,E1_turn_on_alert_E2_E1,2026-01-17 06:00:10,
217,E1_turn_on_alert_W1_E1,2026-01-17 06:00:11,
217,E1_turn_on_alert_W1_W1,2026-01-17 06:00:13,
217,turn_on_W1,2026-01-17 06:00:15,
217,E1_turn_on_alert_E2_E2,2026-01-17 06:00:17,
217,turn_on_E2,2026-01-17 06:00:20,
218,motion_detected_E2,2026-01-17 06:05:00,1
218,plate_captured_E2,2026-01-17 06:05:03,BBB241
218,dim_E2,2026-01-17 06:05:06,
218,E2_dim_alert_E1_E2,2026-01-17 06:05:08,
218,E2_dim_alert_W1_E2,2026-01-17 06:05:12,
218,E2_dim_alert_W1_W1,2026-01-17 06:05:16,
218,dim_W1,2026-01-17 06:05:20,
218,E2_dim_alert_E1_E1,2026-01-17 06:05:24,
218,dim_E1,2026-01-17 06:05:28,
219,motion_detected_E1,2026-01-17 08:00:00,1
219,plate_captured_E1,2026-01-17 08:00:04,BBB242
219,turn_on_E1,2026-01-17 08:00:06,
219,E1_turn_on_alert_E2_E1,2026-01-17 08:00:07,
219,E1_turn_on_alert_W1_E1,2026-01-17 08:00:11,
220,turn_on_E2,2026-01-17 08:00:16,
220,E1_turn_on_alert_W1_W1,2026-01-17 08:00:18,
220,turn_on_W1,2026-01-17 08:00:21,
221,motion_detected_E2,2026-01-17 08:05:00,1
221,plate_captured_E2,2026-01-17 08:05:02,BBB242
221,dim_E2,2026-01-17 08:05:06,
221,E2_dim_alert_E1_E2,2026-01-17 08:05:09,
221,E2_dim_alert_W1_E2,2026-01-17 08:05:11,
221,E2_dim_alert_E1_E1,2026-01-17 08:05:13,
221,dim_E1,2026-01-17 08:05:16,
221,E2_dim_alert_W1_W1,2026-01-17 08:05:20,
221,dim_W1,2026-01-17 08:05:24,
222,motion_detected_E1,2026-01-17 10:00:00,1
222,plate_captured_E1,2026-01-17 10:00:04,BBB243
222,turn_on_E1,2026-01-17 10:00:06,
222,E1_turn_on_alert_E2_E1,2026-01-17 10:00:10,
222,E1_turn_on_alert_W1_E1,2026-01-17 10:00:12,
222,E1_turn_on_alert_W1_W1,2026-01-17 10:00:13,
222,turn_on_W1,2026-01-17 10:00:17,
222,E1_turn_on_alert_E2_E2,2026-01-17 10:00:19,
222,turn_on_E2,2026-01-17 10:00:21,
223,motion_detected_E2,2026-01-17 10:05:00,1
223,plate_captured_E2,2026-01-17 10:05:04,BBB243
223,dim_E2,2026-01-17 10:05:07,
223,E2_dim_alert_E1_E2,2026-01-17 10:05:08,
224,E2_dim_alert_W1_W1,2026-01-17 10:05:13,
224,dim_W1,2026-01-17 10:05:16,
224,E2_dim_alert_E1_E1,2026-01-17 10:05:20,
224,dim_E1,2026-01-17 10:05:23,
225,motion_detected_E1,2026-01-17 12:00:00,1
225,plate_captured_E1,2026-01-17 12:00:04,BBB244
225,turn_on_E1,2026-01-17 12:00:05,
225,E1_turn_on_alert_E2_E1,2026-01-17 12:00:09,
225,E1_turn_on_alert_W1_E1,2026-01-17 12:00:10,
225,E1_turn_on_alert_E2_E2,2026-01-17 12:00:14,
225,E1_turn_on_alert_W1_W1,2026-01-17 12:00:18,
225,turn_on_W1,2026-01-17 12:00:19,
226,motion_detected_E2,2026-01-17 12:05:00,1
226,plate_captured_E2,2026-01-17 12:05:03,BBB244
227,E2_dim_alert_E1_E2,2026-01-17 12:05:09,
227,E2_dim_alert_W1_E2,2026-01-17 12:05:12,
227,E2_dim_alert_E1_E1,2026-01-17 12:05:13,
227,dim_E1,2026-01-17 12:05:15,
227,E2_dim_alert_W1_W1,2026-01-17 12:05:16,
227,dim_W1,2026-01-17 12:05:19,
228,motion_detected_E1,2026-01-17 14:00:00,1
228,plate_captured_E1,2026-01-17 14:00:03,BBB245
229,E1_turn_on_alert_E2_E1,2026-01-17 14:00:09,
229,E1_turn_on_alert_W1_E1,2026-01-17 14:00:11,
229,E1_turn_on_alert_W1_W1,2026-01-17 14:00:13,
229,turn_on_W1,2026-01-17 14:00:17,
229,E1_turn_on_alert_E2_E2,2026-01-17 14:00:18,
229,turn_on_E2,2026-01-17 14:00:19,
230,motion_detected_E2,2026-01-17 14:05:00,1
230,plate_captured_E2,2026-01-17 14:05:04,BBB245
230,dim_E2,2026-01-17 14:05:06,
230,E2_dim_alert_E1_E2,2026-01-17 14:05:07,
230,E2_dim_alert_W1_E2,2026-01-17 14:05:09,
230,E2_dim_alert_W1_W1,2026-01-17 14:05:13,
230,dim_W1,2026-01-17 14:05:16,
230,E2_dim_alert_E1_E1,2026-01-17 14:05:19,
230,dim_E1,2026-01-17 14:05:21,
231,motion_detected_E1,2026-01-17 16:00:00,1
231,plate_captured_E1,2026-01-17 16:00:01,BBB246
231,turn_on_E1,2026-01-17 16:00:02,
231,E1_turn_on_alert_E2_E1,2026-01-17 16:00:06,
231,E1_turn_on_alert_W1_E1,2026-01-17 16:00:07,
231,E1_turn_on_alert_E2_E2,2026-01-17 16:00:11,
231,turn_on_E2,2026-01-17 16:00:13,
231,turn_on_W1,2026-01-17 16:00:16,
232,motion_detected_E2,2026-01-17 16:05:00,1
232,dim_E2,2026-01-17 16:05:02,
232,E2_dim_alert_E1_E2,2026-01-17 16:05:06,
232,E2_dim_alert_W1_E2,2026-01-17 16:05:08,
232,E2_dim_alert_E1_E1,2026-01-17 16:05:09,
232,dim_E1,2026-01-17 16:05:12,
232,E2_dim_alert_W1_W1,2026-01-17 16:05:15,
232,dim_W1,2026-01-17 16:05:19,
233,motion_detected_E1,2026-01-17 18:00:00,1
233,plate_captured_E1,2026-01-17 18:00:02,BBB247
233,turn_on_E1,2026-01-17 18:00:03,
233,E1_turn_on_alert_E2_E1,2026-01-17 18:00:05,
233,E1_turn_on_alert_W1_E1,2026-01-17 18:00:08,
233,E1_turn_on_alert_W1_W1,2026-01-17 18:00:09,
233,turn_on_W1,2026-01-17 18:00:13,
233,E1_turn_on_alert_E2_E2,2026-01-17 18:00:16,
233,turn_on_E2,2026-01-17 18:00:18,
234,motion_detected_E2,2026-01-17 18:05:00,1
234,plate_captured_E2,2026-01-17 18:05:01,BBB247
234,dim_E2,2026-01-17 18:05:04,
234,E2_dim_alert_E1_E2,2026-01-17 18:05:06,
234,E2_dim_alert_W1_E2,2026-01-17 18:05:10,
234,E2_dim_alert_W1_W1,2026-01-17 18:05:12,
234,dim_W1,2026-01-17 18:05:15,
234,E2_dim_alert_E1_E1,2026-01-17 18:05:16,
234,dim_E1,2026-01-17 18:05:17,
235,motion_detected_E1,2026-01-17 20:00:00,1
235,plate_captured_E1,2026-01-17 20:00:03,BBB248
235,turn_on_E1,2026-01-17 20:00:06,
235,E1_turn_on_alert_E2_E1,2026-01-17 20:00:08,
235,E1_turn_on_alert_W1_E1,2026-01-17 20:00:10,
235,E1_turn_on_alert_E2_E2,2026-01-17 20:00:11,
235,turn_on_E2,2026-01-17 20:00:12,
235,E1_turn_on_alert_W1_W1,2026-01-17 20:00:14,
235,turn_on_W1,2026-01-17 20:00:17,
236,motion_detected_E2,2026-01-17 20:05:00,1
236,plate_captured_E2,2026-01-17 20:05:02,BBB248
236,dim_E2,2026-01-17 20:05:04,
236,E2_dim_alert_E1_E2,2026-01-17 20:05:08,
236,E2_dim_alert_W1_E2,2026-01-17 20:05:10,
236,E2_dim_alert_E1_E1,2026-01-17 20:05:14,
236,dim_E1,2026-01-17 20:05:16,
236,E2_dim_alert_W1_W1,2026-01-17 20:05:19,
236,dim_W1,2026-01-17 20:05:20,
237,motion_detected_E1,2026-01-17 22:00:00,1
237,plate_captured_E1,2026-01-17 22:00:03,BBB249
237,turn_on_E1,2026-01-17 22:00:05,
237,E1_turn_on_alert_E2_E1,2026-01-17 22:00:07,
237,E1_turn_on_alert_W1_E1,2026-01-17 22:00:10,
237,E1_turn_on_alert_W1_W1,2026-01-17 22:00:12,
237,turn_on_W1,2026-01-17 22:00:15,
237,E1_turn_on_alert_E2_E2,2026-01-17 22:00:18,
237,turn_on_E2,2026-01-17 22:00:22,
238,motion_detected_E2,2026-01-17 22:05:00,1
238,plate_captured_E2,2026-01-17 22:05:04,BBB249
239,E2_dim_alert_E1_E2,2026-01-17 22:05:09,
239,E2_dim_alert_W1_E2,2026-01-17 22:05:13,
239,E2_dim_alert_W1_W1,2026-01-17 22:05:17,
239,dim_W1,2026-01-17 22:05:19,
239,E2_dim_alert_E1_E1,2026-01-17 22:05:22,
239,dim_E1,2026-01-17 22:05:26,
240,plate_captured_E1,2026-01-18 00:00:01,BBB250
240,turn_on_E1,2026-01-18 00:00:03,
240,E1_turn_on_alert_E2_E1,2026-01-18 00:00:05,
240,E1_turn_on_alert_W1_E1,2026-01-18 00:00:07,
240,E1_turn_on_alert_E2_E2,2026-01-18 00:00:10,
240,turn_on_E2,2026-01-18 00:00:14,
240,E1_turn_on_alert_W1_W1,2026-01-18 00:00:18,
240,turn_on_W1,2026-01-18 00:00:20,
241,motion_detected_E2,2026-01-18 00:05:00,1
241,plate_captured_E2,2026-01-18 00:05:03,BBB250
241,dim_E2,2026-01-18 00:05:06,
242,E2_dim_alert_W1_E2,2026-01-18 00:05:13,
242,E2_dim_alert_E1_E1,2026-01-18 00:05:17,
243,E2_dim_alert_W1_W1,2026-01-18 00:05:22,
243,dim_W1,2026-01-18 00:05:24,
